/*
SQLyog Community v12.12 (64 bit)
MySQL - 5.6.16 : Database - sguard
*********************************************************************
*/

/*!40101 SET NAMES utf8 */;

/*!40101 SET SQL_MODE=''*/;

/*!40014 SET @OLD_UNIQUE_CHECKS=@@UNIQUE_CHECKS, UNIQUE_CHECKS=0 */;
/*!40014 SET @OLD_FOREIGN_KEY_CHECKS=@@FOREIGN_KEY_CHECKS, FOREIGN_KEY_CHECKS=0 */;
/*!40101 SET @OLD_SQL_MODE=@@SQL_MODE, SQL_MODE='NO_AUTO_VALUE_ON_ZERO' */;
/*!40111 SET @OLD_SQL_NOTES=@@SQL_NOTES, SQL_NOTES=0 */;
USE `sguard`;

/*Table structure for table `administradores` */

DROP TABLE IF EXISTS `administradores`;

CREATE TABLE `administradores` (
  `administradorId` int(11) NOT NULL AUTO_INCREMENT,
  `nombre` varchar(765) DEFAULT NULL,
  `login` varchar(765) DEFAULT NULL,
  `password` varchar(765) DEFAULT NULL,
  `email` varchar(765) DEFAULT NULL,
  `nivel` int(11) DEFAULT '0',
  PRIMARY KEY (`administradorId`)
) ENGINE=InnoDB AUTO_INCREMENT=6 DEFAULT CHARSET=utf8;

/*Data for the table `administradores` */

insert  into `administradores`(`administradorId`,`nombre`,`login`,`password`,`email`,`nivel`) values (2,'Vigilante','vigilante','vigilante','vig@gmail.com',2),(4,'Administrador Principal','admin','admin','adm@gh.com',0),(5,'Jefe de equipo','jefe','jefe','juan@gmail.com',1);

/*Table structure for table `descargas` */

DROP TABLE IF EXISTS `descargas`;

CREATE TABLE `descargas` (
  `descargaId` int(11) NOT NULL AUTO_INCREMENT,
  `nterminal` varchar(255) DEFAULT NULL,
  `fecha` date DEFAULT NULL,
  `hora` time DEFAULT NULL,
  `resultado` text,
  PRIMARY KEY (`descargaId`)
) ENGINE=InnoDB AUTO_INCREMENT=68 DEFAULT CHARSET=utf8;

/*Data for the table `descargas` */

insert  into `descargas`(`descargaId`,`nterminal`,`fecha`,`hora`,`resultado`) values (46,'112339','2015-10-13','14:44:40','CARGA SIMPLE TERMINAL [SIN PROCESO]'),(47,'112339','2015-10-13','15:04:20','CARGA SIMPLE TERMINAL [SIN PROCESO]'),(61,'112339','2015-10-21','16:45:59','CARGA SIMPLE TERMINAL [SIN PROCESO]'),(62,'112339','2015-10-21','16:48:06','CARGA SIMPLE TERMINAL [SIN PROCESO]'),(63,'112339','2015-10-21','17:10:18','CARGA SIMPLE TERMINAL [SIN PROCESO]'),(64,'112339','2015-10-21','17:13:16','CARGA SIMPLE TERMINAL [SIN PROCESO]'),(65,'112339','2015-10-21','17:16:20','CARGA SIMPLE TERMINAL [SIN PROCESO]'),(66,'112339','2015-10-21','17:28:31','CARGA SIMPLE TERMINAL [SIN PROCESO]'),(67,'112339','2015-10-21','17:32:23','CARGA SIMPLE TERMINAL [SIN PROCESO]');

/*Table structure for table `descargas_lineas` */

DROP TABLE IF EXISTS `descargas_lineas`;

CREATE TABLE `descargas_lineas` (
  `descargaLineaId` int(11) NOT NULL AUTO_INCREMENT,
  `descargaId` int(11) DEFAULT NULL,
  `tag` varchar(255) DEFAULT NULL,
  `fecha` date DEFAULT NULL,
  `hora` time DEFAULT NULL,
  `tipo` varchar(255) DEFAULT NULL,
  `tipoId` int(11) DEFAULT NULL,
  `nombre` varchar(255) DEFAULT NULL,
  PRIMARY KEY (`descargaLineaId`)
) ENGINE=InnoDB AUTO_INCREMENT=3552 DEFAULT CHARSET=utf8;

/*Data for the table `descargas_lineas` */

insert  into `descargas_lineas`(`descargaLineaId`,`descargaId`,`tag`,`fecha`,`hora`,`tipo`,`tipoId`,`nombre`) values (212,46,'0406214305','2015-10-13','13:15:38',NULL,NULL,NULL),(213,46,'0004049464','2015-10-13','14:44:04','VIGILANTE',7,'Pedro Martinez'),(214,46,'0406213943','2015-10-13','14:44:06','RONDA',13,'Ronda 01-02'),(215,46,'0406215258','2015-10-13','14:44:07','PUNTO',5,'Control 1'),(216,46,'0406219258','2015-10-13','14:44:08','PUNTO',6,'Control 2'),(217,46,'0406220547','2015-10-13','14:44:10','RONDA',14,'R-03-F'),(218,46,'0406214305','2015-10-13','14:44:11',NULL,NULL,NULL),(219,46,'0403669508','2015-10-13','14:44:13','PUNTO',8,'Punto Flotante'),(220,46,'0406215258','2015-10-13','14:44:17','PUNTO',5,'Control 1'),(221,46,'0406219258','2015-10-13','14:44:18','PUNTO',6,'Control 2'),(222,46,'0406214305','2015-10-13','14:44:19',NULL,NULL,NULL),(223,46,'0403669508','2015-10-13','14:44:20','PUNTO',8,'Punto Flotante'),(224,47,'0004049464','2015-10-13','14:52:29','VIGILANTE',7,'Pedro Martinez'),(225,47,'0406213943','2015-10-13','14:52:31','RONDA',13,'Ronda 01-02'),(226,47,'0406215258','2015-10-13','14:52:32','PUNTO',5,'Control 1'),(227,47,'0406219258','2015-10-13','14:52:33','PUNTO',6,'Control 2'),(228,47,'0406209033','2015-10-13','14:52:34','PUNTO',7,'Control 3'),(229,47,'0403669508','2015-10-13','14:52:39','PUNTO',8,'Punto Flotante'),(230,47,'0406209033','2015-10-13','14:52:40','PUNTO',7,'Control 3'),(231,47,'0406220547','2015-10-13','14:52:41','RONDA',14,'R-03-F'),(1887,61,'0004049464','2015-10-13','18:04:12','VIGILANTE',7,'Pedro Martinez'),(1888,61,'0004049464','2015-10-13','18:05:12','VIGILANTE',7,'Pedro Martinez'),(1889,61,'0004049464','2015-10-13','18:06:12','VIGILANTE',7,'Pedro Martinez'),(1890,61,'0004049464','2015-10-13','18:07:12','VIGILANTE',7,'Pedro Martinez'),(1891,61,'0004049464','2015-10-13','18:08:12','VIGILANTE',7,'Pedro Martinez'),(1892,61,'0004049464','2015-10-13','18:09:12','VIGILANTE',7,'Pedro Martinez'),(1893,61,'0004049464','2015-10-13','18:10:12','VIGILANTE',7,'Pedro Martinez'),(1894,61,'0004049464','2015-10-13','18:11:12','VIGILANTE',7,'Pedro Martinez'),(1895,61,'0004049464','2015-10-13','18:12:12','VIGILANTE',7,'Pedro Martinez'),(1896,62,'0004049464','2015-10-13','18:04:12','VIGILANTE',7,'Pedro Martinez'),(1897,61,'0004049464','2015-10-13','18:13:12','VIGILANTE',7,'Pedro Martinez'),(1898,62,'0004049464','2015-10-13','18:05:12','VIGILANTE',7,'Pedro Martinez'),(1899,61,'0004049464','2015-10-13','18:14:12','VIGILANTE',7,'Pedro Martinez'),(1900,62,'0004049464','2015-10-13','18:06:12','VIGILANTE',7,'Pedro Martinez'),(1901,61,'0004049464','2015-10-13','18:15:12','VIGILANTE',7,'Pedro Martinez'),(1902,62,'0004049464','2015-10-13','18:07:12','VIGILANTE',7,'Pedro Martinez'),(1903,61,'0004049464','2015-10-13','18:16:12','VIGILANTE',7,'Pedro Martinez'),(1904,62,'0004049464','2015-10-13','18:08:12','VIGILANTE',7,'Pedro Martinez'),(1905,61,'0004049464','2015-10-13','18:17:12','VIGILANTE',7,'Pedro Martinez'),(1906,62,'0004049464','2015-10-13','18:09:12','VIGILANTE',7,'Pedro Martinez'),(1907,61,'0004049464','2015-10-13','18:18:12','VIGILANTE',7,'Pedro Martinez'),(1908,62,'0004049464','2015-10-13','18:10:12','VIGILANTE',7,'Pedro Martinez'),(1909,61,'0004049464','2015-10-13','18:19:12','VIGILANTE',7,'Pedro Martinez'),(1910,62,'0004049464','2015-10-13','18:11:12','VIGILANTE',7,'Pedro Martinez'),(1911,61,'0004049464','2015-10-13','18:20:12','VIGILANTE',7,'Pedro Martinez'),(1912,62,'0004049464','2015-10-13','18:12:12','VIGILANTE',7,'Pedro Martinez'),(1913,61,'0004049464','2015-10-13','18:21:12','VIGILANTE',7,'Pedro Martinez'),(1914,62,'0004049464','2015-10-13','18:13:12','VIGILANTE',7,'Pedro Martinez'),(1915,61,'0004049464','2015-10-13','18:22:12','VIGILANTE',7,'Pedro Martinez'),(1916,62,'0004049464','2015-10-13','18:14:12','VIGILANTE',7,'Pedro Martinez'),(1917,61,'0004049464','2015-10-13','18:23:12','VIGILANTE',7,'Pedro Martinez'),(1918,62,'0004049464','2015-10-13','18:15:12','VIGILANTE',7,'Pedro Martinez'),(1919,61,'0004049464','2015-10-13','18:24:12','VIGILANTE',7,'Pedro Martinez'),(1920,62,'0004049464','2015-10-13','18:16:12','VIGILANTE',7,'Pedro Martinez'),(1921,61,'0004049464','2015-10-13','18:25:12','VIGILANTE',7,'Pedro Martinez'),(1922,62,'0004049464','2015-10-13','18:17:12','VIGILANTE',7,'Pedro Martinez'),(1923,61,'0004049464','2015-10-13','18:26:12','VIGILANTE',7,'Pedro Martinez'),(1924,62,'0004049464','2015-10-13','18:18:12','VIGILANTE',7,'Pedro Martinez'),(1925,61,'0004049464','2015-10-13','18:27:12','VIGILANTE',7,'Pedro Martinez'),(1926,62,'0004049464','2015-10-13','18:19:12','VIGILANTE',7,'Pedro Martinez'),(1927,61,'0004049464','2015-10-13','18:28:12','VIGILANTE',7,'Pedro Martinez'),(1928,62,'0004049464','2015-10-13','18:20:12','VIGILANTE',7,'Pedro Martinez'),(1929,61,'0004049464','2015-10-13','18:29:12','VIGILANTE',7,'Pedro Martinez'),(1930,62,'0004049464','2015-10-13','18:21:12','VIGILANTE',7,'Pedro Martinez'),(1931,63,'0004049464','2015-10-13','18:04:12','VIGILANTE',7,'Pedro Martinez'),(1932,63,'0004049464','2015-10-13','18:05:12','VIGILANTE',7,'Pedro Martinez'),(1933,63,'0004049464','2015-10-13','18:06:12','VIGILANTE',7,'Pedro Martinez'),(1934,63,'0004049464','2015-10-13','18:07:12','VIGILANTE',7,'Pedro Martinez'),(1935,63,'0004049464','2015-10-13','18:08:12','VIGILANTE',7,'Pedro Martinez'),(1936,63,'0004049464','2015-10-13','18:09:12','VIGILANTE',7,'Pedro Martinez'),(1937,63,'0004049464','2015-10-13','18:10:12','VIGILANTE',7,'Pedro Martinez'),(1938,63,'0004049464','2015-10-13','18:11:12','VIGILANTE',7,'Pedro Martinez'),(1939,63,'0004049464','2015-10-13','18:12:12','VIGILANTE',7,'Pedro Martinez'),(1940,63,'0004049464','2015-10-13','18:13:12','VIGILANTE',7,'Pedro Martinez'),(1941,63,'0004049464','2015-10-13','18:14:12','VIGILANTE',7,'Pedro Martinez'),(1942,63,'0004049464','2015-10-13','18:15:12','VIGILANTE',7,'Pedro Martinez'),(1943,63,'0004049464','2015-10-13','18:16:12','VIGILANTE',7,'Pedro Martinez'),(1944,63,'0004049464','2015-10-13','18:17:12','VIGILANTE',7,'Pedro Martinez'),(1945,63,'0004049464','2015-10-13','18:18:12','VIGILANTE',7,'Pedro Martinez'),(1946,63,'0004049464','2015-10-13','18:19:12','VIGILANTE',7,'Pedro Martinez'),(1947,63,'0004049464','2015-10-13','18:20:12','VIGILANTE',7,'Pedro Martinez'),(1948,63,'0004049464','2015-10-13','18:21:12','VIGILANTE',7,'Pedro Martinez'),(1949,63,'0004049464','2015-10-13','18:22:12','VIGILANTE',7,'Pedro Martinez'),(1950,63,'0004049464','2015-10-13','18:23:12','VIGILANTE',7,'Pedro Martinez'),(1951,63,'0004049464','2015-10-13','18:24:12','VIGILANTE',7,'Pedro Martinez'),(1952,63,'0004049464','2015-10-13','18:25:12','VIGILANTE',7,'Pedro Martinez'),(1953,63,'0004049464','2015-10-13','18:26:12','VIGILANTE',7,'Pedro Martinez'),(1954,63,'0004049464','2015-10-13','18:27:12','VIGILANTE',7,'Pedro Martinez'),(1955,63,'0004049464','2015-10-13','18:28:12','VIGILANTE',7,'Pedro Martinez'),(1956,63,'0004049464','2015-10-13','18:29:12','VIGILANTE',7,'Pedro Martinez'),(1957,63,'0004049464','2015-10-13','18:30:12','VIGILANTE',7,'Pedro Martinez'),(1958,63,'0004049464','2015-10-13','18:31:12','VIGILANTE',7,'Pedro Martinez'),(1959,63,'0004049464','2015-10-13','18:32:12','VIGILANTE',7,'Pedro Martinez'),(1960,63,'0004049464','2015-10-13','18:33:12','VIGILANTE',7,'Pedro Martinez'),(1961,63,'0004049464','2015-10-13','18:34:12','VIGILANTE',7,'Pedro Martinez'),(1962,63,'0004049464','2015-10-13','18:35:12','VIGILANTE',7,'Pedro Martinez'),(1963,63,'0004049464','2015-10-13','18:36:12','VIGILANTE',7,'Pedro Martinez'),(1964,63,'0004049464','2015-10-13','18:37:12','VIGILANTE',7,'Pedro Martinez'),(1965,63,'0004049464','2015-10-13','18:38:12','VIGILANTE',7,'Pedro Martinez'),(1966,63,'0004049464','2015-10-13','18:39:12','VIGILANTE',7,'Pedro Martinez'),(1967,63,'0004049464','2015-10-13','18:40:12','VIGILANTE',7,'Pedro Martinez'),(1968,63,'0004049464','2015-10-13','18:41:12','VIGILANTE',7,'Pedro Martinez'),(1969,63,'0004049464','2015-10-13','18:42:12','VIGILANTE',7,'Pedro Martinez'),(1970,63,'0004049464','2015-10-13','18:43:12','VIGILANTE',7,'Pedro Martinez'),(1971,63,'0004049464','2015-10-13','18:44:12','VIGILANTE',7,'Pedro Martinez'),(1972,63,'0004049464','2015-10-13','18:45:12','VIGILANTE',7,'Pedro Martinez'),(1973,63,'0004049464','2015-10-13','18:46:12','VIGILANTE',7,'Pedro Martinez'),(1974,63,'0004049464','2015-10-13','18:47:12','VIGILANTE',7,'Pedro Martinez'),(1975,63,'0004049464','2015-10-13','18:48:12','VIGILANTE',7,'Pedro Martinez'),(1976,63,'0004049464','2015-10-13','18:49:12','VIGILANTE',7,'Pedro Martinez'),(1977,63,'0004049464','2015-10-13','18:50:12','VIGILANTE',7,'Pedro Martinez'),(1978,63,'0004049464','2015-10-13','18:51:12','VIGILANTE',7,'Pedro Martinez'),(1979,63,'0004049464','2015-10-13','18:52:12','VIGILANTE',7,'Pedro Martinez'),(1980,63,'0004049464','2015-10-13','18:53:12','VIGILANTE',7,'Pedro Martinez'),(1981,63,'0004049464','2015-10-13','18:54:12','VIGILANTE',7,'Pedro Martinez'),(1982,63,'0004049464','2015-10-13','18:55:12','VIGILANTE',7,'Pedro Martinez'),(1983,63,'0004049464','2015-10-13','18:56:12','VIGILANTE',7,'Pedro Martinez'),(1984,63,'0004049464','2015-10-13','18:57:12','VIGILANTE',7,'Pedro Martinez'),(1985,63,'0004049464','2015-10-13','18:58:12','VIGILANTE',7,'Pedro Martinez'),(1986,63,'0004049464','2015-10-13','18:59:12','VIGILANTE',7,'Pedro Martinez'),(1987,63,'0004049464','2015-10-13','19:00:12','VIGILANTE',7,'Pedro Martinez'),(1988,63,'0004049464','2015-10-13','19:01:12','VIGILANTE',7,'Pedro Martinez'),(1989,63,'0004049464','2015-10-13','19:02:12','VIGILANTE',7,'Pedro Martinez'),(1990,63,'0004049464','2015-10-13','19:03:12','VIGILANTE',7,'Pedro Martinez'),(1991,63,'0004049464','2015-10-13','19:04:12','VIGILANTE',7,'Pedro Martinez'),(1992,63,'0004049464','2015-10-13','19:05:12','VIGILANTE',7,'Pedro Martinez'),(1993,63,'0004049464','2015-10-13','19:06:12','VIGILANTE',7,'Pedro Martinez'),(1994,63,'0004049464','2015-10-13','19:07:12','VIGILANTE',7,'Pedro Martinez'),(1995,63,'0004049464','2015-10-13','19:08:12','VIGILANTE',7,'Pedro Martinez'),(1996,63,'0004049464','2015-10-13','19:09:12','VIGILANTE',7,'Pedro Martinez'),(1997,63,'0004049464','2015-10-13','19:10:12','VIGILANTE',7,'Pedro Martinez'),(1998,63,'0004049464','2015-10-13','19:11:12','VIGILANTE',7,'Pedro Martinez'),(1999,63,'0004049464','2015-10-13','19:12:12','VIGILANTE',7,'Pedro Martinez'),(2000,63,'0004049464','2015-10-13','19:13:12','VIGILANTE',7,'Pedro Martinez'),(2001,63,'0004049464','2015-10-13','19:14:12','VIGILANTE',7,'Pedro Martinez'),(2002,63,'0004049464','2015-10-13','19:15:12','VIGILANTE',7,'Pedro Martinez'),(2003,63,'0004049464','2015-10-13','19:16:12','VIGILANTE',7,'Pedro Martinez'),(2004,63,'0004049464','2015-10-13','19:17:12','VIGILANTE',7,'Pedro Martinez'),(2005,63,'0004049464','2015-10-13','19:18:12','VIGILANTE',7,'Pedro Martinez'),(2006,63,'0004049464','2015-10-13','19:19:12','VIGILANTE',7,'Pedro Martinez'),(2007,63,'0004049464','2015-10-13','19:20:12','VIGILANTE',7,'Pedro Martinez'),(2008,63,'0004049464','2015-10-13','19:21:12','VIGILANTE',7,'Pedro Martinez'),(2009,63,'0004049464','2015-10-13','19:22:12','VIGILANTE',7,'Pedro Martinez'),(2010,63,'0004049464','2015-10-13','19:23:12','VIGILANTE',7,'Pedro Martinez'),(2011,63,'0004049464','2015-10-13','19:24:12','VIGILANTE',7,'Pedro Martinez'),(2012,63,'0004049464','2015-10-13','19:25:12','VIGILANTE',7,'Pedro Martinez'),(2013,63,'0004049464','2015-10-13','19:26:12','VIGILANTE',7,'Pedro Martinez'),(2014,63,'0004049464','2015-10-13','19:27:12','VIGILANTE',7,'Pedro Martinez'),(2015,63,'0004049464','2015-10-13','19:28:12','VIGILANTE',7,'Pedro Martinez'),(2016,63,'0004049464','2015-10-13','19:29:12','VIGILANTE',7,'Pedro Martinez'),(2017,63,'0004049464','2015-10-13','19:30:12','VIGILANTE',7,'Pedro Martinez'),(2018,63,'0004049464','2015-10-13','19:31:12','VIGILANTE',7,'Pedro Martinez'),(2019,63,'0004049464','2015-10-13','19:32:12','VIGILANTE',7,'Pedro Martinez'),(2020,63,'0004049464','2015-10-13','19:33:12','VIGILANTE',7,'Pedro Martinez'),(2021,63,'0004049464','2015-10-13','19:34:12','VIGILANTE',7,'Pedro Martinez'),(2022,63,'0004049464','2015-10-13','19:35:12','VIGILANTE',7,'Pedro Martinez'),(2023,63,'0004049464','2015-10-13','19:36:12','VIGILANTE',7,'Pedro Martinez'),(2024,63,'0004049464','2015-10-13','19:37:12','VIGILANTE',7,'Pedro Martinez'),(2025,63,'0004049464','2015-10-13','19:38:12','VIGILANTE',7,'Pedro Martinez'),(2026,63,'0004049464','2015-10-13','19:39:12','VIGILANTE',7,'Pedro Martinez'),(2027,63,'0004049464','2015-10-13','19:40:12','VIGILANTE',7,'Pedro Martinez'),(2028,63,'0004049464','2015-10-13','19:41:12','VIGILANTE',7,'Pedro Martinez'),(2029,63,'0004049464','2015-10-13','19:42:12','VIGILANTE',7,'Pedro Martinez'),(2030,63,'0004049464','2015-10-13','19:43:12','VIGILANTE',7,'Pedro Martinez'),(2031,63,'0004049464','2015-10-13','19:44:12','VIGILANTE',7,'Pedro Martinez'),(2032,63,'0004049464','2015-10-13','19:45:12','VIGILANTE',7,'Pedro Martinez'),(2033,63,'0004049464','2015-10-13','19:46:12','VIGILANTE',7,'Pedro Martinez'),(2034,63,'0004049464','2015-10-13','19:47:12','VIGILANTE',7,'Pedro Martinez'),(2035,63,'0004049464','2015-10-13','19:48:12','VIGILANTE',7,'Pedro Martinez'),(2036,63,'0004049464','2015-10-13','19:49:12','VIGILANTE',7,'Pedro Martinez'),(2037,63,'0004049464','2015-10-13','19:50:12','VIGILANTE',7,'Pedro Martinez'),(2038,63,'0004049464','2015-10-13','19:51:12','VIGILANTE',7,'Pedro Martinez'),(2039,63,'0004049464','2015-10-13','19:52:12','VIGILANTE',7,'Pedro Martinez'),(2040,63,'0004049464','2015-10-13','19:53:12','VIGILANTE',7,'Pedro Martinez'),(2041,63,'0004049464','2015-10-13','19:54:12','VIGILANTE',7,'Pedro Martinez'),(2042,63,'0004049464','2015-10-13','19:55:12','VIGILANTE',7,'Pedro Martinez'),(2043,63,'0004049464','2015-10-13','19:56:12','VIGILANTE',7,'Pedro Martinez'),(2044,63,'0004049464','2015-10-13','19:57:12','VIGILANTE',7,'Pedro Martinez'),(2045,63,'0004049464','2015-10-13','19:58:12','VIGILANTE',7,'Pedro Martinez'),(2046,63,'0004049464','2015-10-13','19:59:12','VIGILANTE',7,'Pedro Martinez'),(2047,63,'0004049464','2015-10-13','20:00:12','VIGILANTE',7,'Pedro Martinez'),(2048,63,'0004049464','2015-10-13','20:01:12','VIGILANTE',7,'Pedro Martinez'),(2049,63,'0004049464','2015-10-13','20:02:12','VIGILANTE',7,'Pedro Martinez'),(2050,63,'0004049464','2015-10-13','20:03:12','VIGILANTE',7,'Pedro Martinez'),(2051,63,'0004049464','2015-10-13','20:04:12','VIGILANTE',7,'Pedro Martinez'),(2052,63,'0004049464','2015-10-13','20:05:12','VIGILANTE',7,'Pedro Martinez'),(2053,63,'0004049464','2015-10-13','20:06:12','VIGILANTE',7,'Pedro Martinez'),(2054,63,'0004049464','2015-10-13','20:07:12','VIGILANTE',7,'Pedro Martinez'),(2055,63,'0004049464','2015-10-13','20:08:12','VIGILANTE',7,'Pedro Martinez'),(2056,63,'0004049464','2015-10-13','20:09:12','VIGILANTE',7,'Pedro Martinez'),(2057,63,'0004049464','2015-10-13','20:10:12','VIGILANTE',7,'Pedro Martinez'),(2058,63,'0004049464','2015-10-13','20:11:12','VIGILANTE',7,'Pedro Martinez'),(2059,63,'0004049464','2015-10-13','20:12:12','VIGILANTE',7,'Pedro Martinez'),(2060,63,'0004049464','2015-10-13','20:13:12','VIGILANTE',7,'Pedro Martinez'),(2061,63,'0004049464','2015-10-13','20:14:12','VIGILANTE',7,'Pedro Martinez'),(2062,63,'0004049464','2015-10-13','20:15:12','VIGILANTE',7,'Pedro Martinez'),(2063,63,'0004049464','2015-10-13','20:16:12','VIGILANTE',7,'Pedro Martinez'),(2064,63,'0004049464','2015-10-13','20:17:12','VIGILANTE',7,'Pedro Martinez'),(2065,63,'0004049464','2015-10-13','20:18:12','VIGILANTE',7,'Pedro Martinez'),(2066,63,'0004049464','2015-10-13','20:19:12','VIGILANTE',7,'Pedro Martinez'),(2067,63,'0004049464','2015-10-13','20:20:12','VIGILANTE',7,'Pedro Martinez'),(2068,63,'0004049464','2015-10-13','20:21:12','VIGILANTE',7,'Pedro Martinez'),(2069,63,'0004049464','2015-10-13','20:22:12','VIGILANTE',7,'Pedro Martinez'),(2070,63,'0004049464','2015-10-13','20:23:12','VIGILANTE',7,'Pedro Martinez'),(2071,63,'0004049464','2015-10-13','20:24:12','VIGILANTE',7,'Pedro Martinez'),(2072,63,'0004049464','2015-10-13','20:25:12','VIGILANTE',7,'Pedro Martinez'),(2073,63,'0004049464','2015-10-13','20:26:12','VIGILANTE',7,'Pedro Martinez'),(2074,63,'0004049464','2015-10-13','20:27:12','VIGILANTE',7,'Pedro Martinez'),(2075,63,'0004049464','2015-10-13','20:28:12','VIGILANTE',7,'Pedro Martinez'),(2076,63,'0004049464','2015-10-13','20:29:12','VIGILANTE',7,'Pedro Martinez'),(2077,63,'0004049464','2015-10-13','20:30:12','VIGILANTE',7,'Pedro Martinez'),(2078,63,'0004049464','2015-10-13','20:31:12','VIGILANTE',7,'Pedro Martinez'),(2079,63,'0004049464','2015-10-13','20:32:12','VIGILANTE',7,'Pedro Martinez'),(2080,64,'0004049464','2015-10-13','18:04:12','VIGILANTE',7,'Pedro Martinez'),(2081,64,'0004049464','2015-10-13','18:05:12','VIGILANTE',7,'Pedro Martinez'),(2082,64,'0004049464','2015-10-13','18:06:12','VIGILANTE',7,'Pedro Martinez'),(2083,64,'0004049464','2015-10-13','18:07:12','VIGILANTE',7,'Pedro Martinez'),(2084,64,'0004049464','2015-10-13','18:08:12','VIGILANTE',7,'Pedro Martinez'),(2085,64,'0004049464','2015-10-13','18:09:12','VIGILANTE',7,'Pedro Martinez'),(2086,64,'0004049464','2015-10-13','18:10:12','VIGILANTE',7,'Pedro Martinez'),(2087,64,'0004049464','2015-10-13','18:11:12','VIGILANTE',7,'Pedro Martinez'),(2088,64,'0004049464','2015-10-13','18:12:12','VIGILANTE',7,'Pedro Martinez'),(2089,64,'0004049464','2015-10-13','18:13:12','VIGILANTE',7,'Pedro Martinez'),(2090,64,'0004049464','2015-10-13','18:14:12','VIGILANTE',7,'Pedro Martinez'),(2091,64,'0004049464','2015-10-13','18:15:12','VIGILANTE',7,'Pedro Martinez'),(2092,64,'0004049464','2015-10-13','18:16:12','VIGILANTE',7,'Pedro Martinez'),(2093,64,'0004049464','2015-10-13','18:17:12','VIGILANTE',7,'Pedro Martinez'),(2094,64,'0004049464','2015-10-13','18:18:12','VIGILANTE',7,'Pedro Martinez'),(2095,64,'0004049464','2015-10-13','18:19:12','VIGILANTE',7,'Pedro Martinez'),(2096,64,'0004049464','2015-10-13','18:20:12','VIGILANTE',7,'Pedro Martinez'),(2097,64,'0004049464','2015-10-13','18:21:12','VIGILANTE',7,'Pedro Martinez'),(2098,64,'0004049464','2015-10-13','18:22:12','VIGILANTE',7,'Pedro Martinez'),(2099,64,'0004049464','2015-10-13','18:23:12','VIGILANTE',7,'Pedro Martinez'),(2100,64,'0004049464','2015-10-13','18:24:12','VIGILANTE',7,'Pedro Martinez'),(2101,64,'0004049464','2015-10-13','18:25:12','VIGILANTE',7,'Pedro Martinez'),(2102,64,'0004049464','2015-10-13','18:26:12','VIGILANTE',7,'Pedro Martinez'),(2103,64,'0004049464','2015-10-13','18:27:12','VIGILANTE',7,'Pedro Martinez'),(2104,64,'0004049464','2015-10-13','18:28:12','VIGILANTE',7,'Pedro Martinez'),(2105,64,'0004049464','2015-10-13','18:29:12','VIGILANTE',7,'Pedro Martinez'),(2106,64,'0004049464','2015-10-13','18:30:12','VIGILANTE',7,'Pedro Martinez'),(2107,64,'0004049464','2015-10-13','18:31:12','VIGILANTE',7,'Pedro Martinez'),(2108,64,'0004049464','2015-10-13','18:32:12','VIGILANTE',7,'Pedro Martinez'),(2109,64,'0004049464','2015-10-13','18:33:12','VIGILANTE',7,'Pedro Martinez'),(2110,64,'0004049464','2015-10-13','18:34:12','VIGILANTE',7,'Pedro Martinez'),(2111,64,'0004049464','2015-10-13','18:35:12','VIGILANTE',7,'Pedro Martinez'),(2112,64,'0004049464','2015-10-13','18:36:12','VIGILANTE',7,'Pedro Martinez'),(2113,64,'0004049464','2015-10-13','18:37:12','VIGILANTE',7,'Pedro Martinez'),(2114,64,'0004049464','2015-10-13','18:38:12','VIGILANTE',7,'Pedro Martinez'),(2115,64,'0004049464','2015-10-13','18:39:12','VIGILANTE',7,'Pedro Martinez'),(2116,64,'0004049464','2015-10-13','18:40:12','VIGILANTE',7,'Pedro Martinez'),(2117,64,'0004049464','2015-10-13','18:41:12','VIGILANTE',7,'Pedro Martinez'),(2118,64,'0004049464','2015-10-13','18:42:12','VIGILANTE',7,'Pedro Martinez'),(2119,64,'0004049464','2015-10-13','18:43:12','VIGILANTE',7,'Pedro Martinez'),(2120,64,'0004049464','2015-10-13','18:44:12','VIGILANTE',7,'Pedro Martinez'),(2121,64,'0004049464','2015-10-13','18:45:12','VIGILANTE',7,'Pedro Martinez'),(2122,64,'0004049464','2015-10-13','18:46:12','VIGILANTE',7,'Pedro Martinez'),(2123,64,'0004049464','2015-10-13','18:47:12','VIGILANTE',7,'Pedro Martinez'),(2124,64,'0004049464','2015-10-13','18:48:12','VIGILANTE',7,'Pedro Martinez'),(2125,64,'0004049464','2015-10-13','18:49:12','VIGILANTE',7,'Pedro Martinez'),(2126,64,'0004049464','2015-10-13','18:50:12','VIGILANTE',7,'Pedro Martinez'),(2127,64,'0004049464','2015-10-13','18:51:12','VIGILANTE',7,'Pedro Martinez'),(2128,64,'0004049464','2015-10-13','18:52:12','VIGILANTE',7,'Pedro Martinez'),(2129,64,'0004049464','2015-10-13','18:53:12','VIGILANTE',7,'Pedro Martinez'),(2130,64,'0004049464','2015-10-13','18:54:12','VIGILANTE',7,'Pedro Martinez'),(2131,64,'0004049464','2015-10-13','18:55:12','VIGILANTE',7,'Pedro Martinez'),(2132,64,'0004049464','2015-10-13','18:56:12','VIGILANTE',7,'Pedro Martinez'),(2133,64,'0004049464','2015-10-13','18:57:12','VIGILANTE',7,'Pedro Martinez'),(2134,64,'0004049464','2015-10-13','18:58:12','VIGILANTE',7,'Pedro Martinez'),(2135,64,'0004049464','2015-10-13','18:59:12','VIGILANTE',7,'Pedro Martinez'),(2136,64,'0004049464','2015-10-13','19:00:12','VIGILANTE',7,'Pedro Martinez'),(2137,64,'0004049464','2015-10-13','19:01:12','VIGILANTE',7,'Pedro Martinez'),(2138,64,'0004049464','2015-10-13','19:02:12','VIGILANTE',7,'Pedro Martinez'),(2139,64,'0004049464','2015-10-13','19:03:12','VIGILANTE',7,'Pedro Martinez'),(2140,64,'0004049464','2015-10-13','19:04:12','VIGILANTE',7,'Pedro Martinez'),(2141,64,'0004049464','2015-10-13','19:05:12','VIGILANTE',7,'Pedro Martinez'),(2142,64,'0004049464','2015-10-13','19:06:12','VIGILANTE',7,'Pedro Martinez'),(2143,64,'0004049464','2015-10-13','19:07:12','VIGILANTE',7,'Pedro Martinez'),(2144,64,'0004049464','2015-10-13','19:08:12','VIGILANTE',7,'Pedro Martinez'),(2145,64,'0004049464','2015-10-13','19:09:12','VIGILANTE',7,'Pedro Martinez'),(2146,64,'0004049464','2015-10-13','19:10:12','VIGILANTE',7,'Pedro Martinez'),(2147,64,'0004049464','2015-10-13','19:11:12','VIGILANTE',7,'Pedro Martinez'),(2148,64,'0004049464','2015-10-13','19:12:12','VIGILANTE',7,'Pedro Martinez'),(2149,64,'0004049464','2015-10-13','19:13:12','VIGILANTE',7,'Pedro Martinez'),(2150,64,'0004049464','2015-10-13','19:14:12','VIGILANTE',7,'Pedro Martinez'),(2151,64,'0004049464','2015-10-13','19:15:12','VIGILANTE',7,'Pedro Martinez'),(2152,64,'0004049464','2015-10-13','19:16:12','VIGILANTE',7,'Pedro Martinez'),(2153,64,'0004049464','2015-10-13','19:17:12','VIGILANTE',7,'Pedro Martinez'),(2154,64,'0004049464','2015-10-13','19:18:12','VIGILANTE',7,'Pedro Martinez'),(2155,64,'0004049464','2015-10-13','19:19:12','VIGILANTE',7,'Pedro Martinez'),(2156,64,'0004049464','2015-10-13','19:20:12','VIGILANTE',7,'Pedro Martinez'),(2157,64,'0004049464','2015-10-13','19:21:12','VIGILANTE',7,'Pedro Martinez'),(2158,64,'0004049464','2015-10-13','19:22:12','VIGILANTE',7,'Pedro Martinez'),(2159,64,'0004049464','2015-10-13','19:23:12','VIGILANTE',7,'Pedro Martinez'),(2160,64,'0004049464','2015-10-13','19:24:12','VIGILANTE',7,'Pedro Martinez'),(2161,64,'0004049464','2015-10-13','19:25:12','VIGILANTE',7,'Pedro Martinez'),(2162,64,'0004049464','2015-10-13','19:26:12','VIGILANTE',7,'Pedro Martinez'),(2163,64,'0004049464','2015-10-13','19:27:12','VIGILANTE',7,'Pedro Martinez'),(2164,64,'0004049464','2015-10-13','19:28:12','VIGILANTE',7,'Pedro Martinez'),(2165,64,'0004049464','2015-10-13','19:29:12','VIGILANTE',7,'Pedro Martinez'),(2166,64,'0004049464','2015-10-13','19:30:12','VIGILANTE',7,'Pedro Martinez'),(2167,64,'0004049464','2015-10-13','19:31:12','VIGILANTE',7,'Pedro Martinez'),(2168,64,'0004049464','2015-10-13','19:32:12','VIGILANTE',7,'Pedro Martinez'),(2169,64,'0004049464','2015-10-13','19:33:12','VIGILANTE',7,'Pedro Martinez'),(2170,64,'0004049464','2015-10-13','19:34:12','VIGILANTE',7,'Pedro Martinez'),(2171,64,'0004049464','2015-10-13','19:35:12','VIGILANTE',7,'Pedro Martinez'),(2172,64,'0004049464','2015-10-13','19:36:12','VIGILANTE',7,'Pedro Martinez'),(2173,64,'0004049464','2015-10-13','19:37:12','VIGILANTE',7,'Pedro Martinez'),(2174,64,'0004049464','2015-10-13','19:38:12','VIGILANTE',7,'Pedro Martinez'),(2175,64,'0004049464','2015-10-13','19:39:12','VIGILANTE',7,'Pedro Martinez'),(2176,64,'0004049464','2015-10-13','19:40:12','VIGILANTE',7,'Pedro Martinez'),(2177,64,'0004049464','2015-10-13','19:41:12','VIGILANTE',7,'Pedro Martinez'),(2178,64,'0004049464','2015-10-13','19:42:12','VIGILANTE',7,'Pedro Martinez'),(2179,64,'0004049464','2015-10-13','19:43:12','VIGILANTE',7,'Pedro Martinez'),(2180,64,'0004049464','2015-10-13','19:44:12','VIGILANTE',7,'Pedro Martinez'),(2181,64,'0004049464','2015-10-13','19:45:12','VIGILANTE',7,'Pedro Martinez'),(2182,64,'0004049464','2015-10-13','19:46:12','VIGILANTE',7,'Pedro Martinez'),(2183,64,'0004049464','2015-10-13','19:47:12','VIGILANTE',7,'Pedro Martinez'),(2184,64,'0004049464','2015-10-13','19:48:12','VIGILANTE',7,'Pedro Martinez'),(2185,64,'0004049464','2015-10-13','19:49:12','VIGILANTE',7,'Pedro Martinez'),(2186,64,'0004049464','2015-10-13','19:50:12','VIGILANTE',7,'Pedro Martinez'),(2187,64,'0004049464','2015-10-13','19:51:12','VIGILANTE',7,'Pedro Martinez'),(2188,64,'0004049464','2015-10-13','19:52:12','VIGILANTE',7,'Pedro Martinez'),(2189,64,'0004049464','2015-10-13','19:53:12','VIGILANTE',7,'Pedro Martinez'),(2190,64,'0004049464','2015-10-13','19:54:12','VIGILANTE',7,'Pedro Martinez'),(2191,64,'0004049464','2015-10-13','19:55:12','VIGILANTE',7,'Pedro Martinez'),(2192,64,'0004049464','2015-10-13','19:56:12','VIGILANTE',7,'Pedro Martinez'),(2193,64,'0004049464','2015-10-13','19:57:12','VIGILANTE',7,'Pedro Martinez'),(2194,64,'0004049464','2015-10-13','19:58:12','VIGILANTE',7,'Pedro Martinez'),(2195,64,'0004049464','2015-10-13','19:59:12','VIGILANTE',7,'Pedro Martinez'),(2196,64,'0004049464','2015-10-13','20:00:12','VIGILANTE',7,'Pedro Martinez'),(2197,64,'0004049464','2015-10-13','20:01:12','VIGILANTE',7,'Pedro Martinez'),(2198,64,'0004049464','2015-10-13','20:02:12','VIGILANTE',7,'Pedro Martinez'),(2199,64,'0004049464','2015-10-13','20:03:12','VIGILANTE',7,'Pedro Martinez'),(2200,64,'0004049464','2015-10-13','20:04:12','VIGILANTE',7,'Pedro Martinez'),(2201,64,'0004049464','2015-10-13','20:05:12','VIGILANTE',7,'Pedro Martinez'),(2202,64,'0004049464','2015-10-13','20:06:12','VIGILANTE',7,'Pedro Martinez'),(2203,64,'0004049464','2015-10-13','20:07:12','VIGILANTE',7,'Pedro Martinez'),(2204,64,'0004049464','2015-10-13','20:08:12','VIGILANTE',7,'Pedro Martinez'),(2205,64,'0004049464','2015-10-13','20:09:12','VIGILANTE',7,'Pedro Martinez'),(2206,64,'0004049464','2015-10-13','20:10:12','VIGILANTE',7,'Pedro Martinez'),(2207,64,'0004049464','2015-10-13','20:11:12','VIGILANTE',7,'Pedro Martinez'),(2208,64,'0004049464','2015-10-13','20:12:12','VIGILANTE',7,'Pedro Martinez'),(2209,64,'0004049464','2015-10-13','20:13:12','VIGILANTE',7,'Pedro Martinez'),(2210,64,'0004049464','2015-10-13','20:14:12','VIGILANTE',7,'Pedro Martinez'),(2211,64,'0004049464','2015-10-13','20:15:12','VIGILANTE',7,'Pedro Martinez'),(2212,64,'0004049464','2015-10-13','20:16:12','VIGILANTE',7,'Pedro Martinez'),(2213,64,'0004049464','2015-10-13','20:17:12','VIGILANTE',7,'Pedro Martinez'),(2214,64,'0004049464','2015-10-13','20:18:12','VIGILANTE',7,'Pedro Martinez'),(2215,64,'0004049464','2015-10-13','20:19:12','VIGILANTE',7,'Pedro Martinez'),(2216,64,'0004049464','2015-10-13','20:20:12','VIGILANTE',7,'Pedro Martinez'),(2217,64,'0004049464','2015-10-13','20:21:12','VIGILANTE',7,'Pedro Martinez'),(2218,64,'0004049464','2015-10-13','20:22:12','VIGILANTE',7,'Pedro Martinez'),(2219,64,'0004049464','2015-10-13','20:23:12','VIGILANTE',7,'Pedro Martinez'),(2220,64,'0004049464','2015-10-13','20:24:12','VIGILANTE',7,'Pedro Martinez'),(2221,64,'0004049464','2015-10-13','20:25:12','VIGILANTE',7,'Pedro Martinez'),(2222,64,'0004049464','2015-10-13','20:26:12','VIGILANTE',7,'Pedro Martinez'),(2223,64,'0004049464','2015-10-13','20:27:12','VIGILANTE',7,'Pedro Martinez'),(2224,64,'0004049464','2015-10-13','20:28:12','VIGILANTE',7,'Pedro Martinez'),(2225,64,'0004049464','2015-10-13','20:29:12','VIGILANTE',7,'Pedro Martinez'),(2226,64,'0004049464','2015-10-13','20:30:12','VIGILANTE',7,'Pedro Martinez'),(2227,64,'0004049464','2015-10-13','20:31:12','VIGILANTE',7,'Pedro Martinez'),(2228,65,'0004049464','2015-10-13','18:04:12','VIGILANTE',7,'Pedro Martinez'),(2229,65,'0004049464','2015-10-13','18:05:12','VIGILANTE',7,'Pedro Martinez'),(2230,65,'0004049464','2015-10-13','18:06:12','VIGILANTE',7,'Pedro Martinez'),(2231,65,'0004049464','2015-10-13','18:07:12','VIGILANTE',7,'Pedro Martinez'),(2232,65,'0004049464','2015-10-13','18:08:12','VIGILANTE',7,'Pedro Martinez'),(2233,65,'0004049464','2015-10-13','18:09:12','VIGILANTE',7,'Pedro Martinez'),(2234,65,'0004049464','2015-10-13','18:10:12','VIGILANTE',7,'Pedro Martinez'),(2235,65,'0004049464','2015-10-13','18:11:12','VIGILANTE',7,'Pedro Martinez'),(2236,65,'0004049464','2015-10-13','18:12:12','VIGILANTE',7,'Pedro Martinez'),(2237,65,'0004049464','2015-10-13','18:13:12','VIGILANTE',7,'Pedro Martinez'),(2238,65,'0004049464','2015-10-13','18:14:12','VIGILANTE',7,'Pedro Martinez'),(2239,65,'0004049464','2015-10-13','18:15:12','VIGILANTE',7,'Pedro Martinez'),(2240,65,'0004049464','2015-10-13','18:16:12','VIGILANTE',7,'Pedro Martinez'),(2241,65,'0004049464','2015-10-13','18:17:12','VIGILANTE',7,'Pedro Martinez'),(2242,65,'0004049464','2015-10-13','18:18:12','VIGILANTE',7,'Pedro Martinez'),(2243,65,'0004049464','2015-10-13','18:19:12','VIGILANTE',7,'Pedro Martinez'),(2244,65,'0004049464','2015-10-13','18:20:12','VIGILANTE',7,'Pedro Martinez'),(2245,65,'0004049464','2015-10-13','18:21:12','VIGILANTE',7,'Pedro Martinez'),(2246,65,'0004049464','2015-10-13','18:22:12','VIGILANTE',7,'Pedro Martinez'),(2247,65,'0004049464','2015-10-13','18:23:12','VIGILANTE',7,'Pedro Martinez'),(2248,65,'0004049464','2015-10-13','18:24:12','VIGILANTE',7,'Pedro Martinez'),(2249,65,'0004049464','2015-10-13','18:25:12','VIGILANTE',7,'Pedro Martinez'),(2250,65,'0004049464','2015-10-13','18:26:12','VIGILANTE',7,'Pedro Martinez'),(2251,65,'0004049464','2015-10-13','18:27:12','VIGILANTE',7,'Pedro Martinez'),(2252,65,'0004049464','2015-10-13','18:28:12','VIGILANTE',7,'Pedro Martinez'),(2253,65,'0004049464','2015-10-13','18:29:12','VIGILANTE',7,'Pedro Martinez'),(2254,65,'0004049464','2015-10-13','18:30:12','VIGILANTE',7,'Pedro Martinez'),(2255,65,'0004049464','2015-10-13','18:31:12','VIGILANTE',7,'Pedro Martinez'),(2256,65,'0004049464','2015-10-13','18:32:12','VIGILANTE',7,'Pedro Martinez'),(2257,65,'0004049464','2015-10-13','18:33:12','VIGILANTE',7,'Pedro Martinez'),(2258,65,'0004049464','2015-10-13','18:34:12','VIGILANTE',7,'Pedro Martinez'),(2259,65,'0004049464','2015-10-13','18:35:12','VIGILANTE',7,'Pedro Martinez'),(2260,65,'0004049464','2015-10-13','18:36:12','VIGILANTE',7,'Pedro Martinez'),(2261,65,'0004049464','2015-10-13','18:37:12','VIGILANTE',7,'Pedro Martinez'),(2262,65,'0004049464','2015-10-13','18:38:12','VIGILANTE',7,'Pedro Martinez'),(2263,65,'0004049464','2015-10-13','18:39:12','VIGILANTE',7,'Pedro Martinez'),(2264,65,'0004049464','2015-10-13','18:40:12','VIGILANTE',7,'Pedro Martinez'),(2265,65,'0004049464','2015-10-13','18:41:12','VIGILANTE',7,'Pedro Martinez'),(2266,65,'0004049464','2015-10-13','18:42:12','VIGILANTE',7,'Pedro Martinez'),(2267,65,'0004049464','2015-10-13','18:43:12','VIGILANTE',7,'Pedro Martinez'),(2268,65,'0004049464','2015-10-13','18:44:12','VIGILANTE',7,'Pedro Martinez'),(2269,65,'0004049464','2015-10-13','18:45:12','VIGILANTE',7,'Pedro Martinez'),(2270,65,'0004049464','2015-10-13','18:46:12','VIGILANTE',7,'Pedro Martinez'),(2271,65,'0004049464','2015-10-13','18:47:12','VIGILANTE',7,'Pedro Martinez'),(2272,65,'0004049464','2015-10-13','18:48:12','VIGILANTE',7,'Pedro Martinez'),(2273,65,'0004049464','2015-10-13','18:49:12','VIGILANTE',7,'Pedro Martinez'),(2274,65,'0004049464','2015-10-13','18:50:12','VIGILANTE',7,'Pedro Martinez'),(2275,65,'0004049464','2015-10-13','18:51:12','VIGILANTE',7,'Pedro Martinez'),(2276,65,'0004049464','2015-10-13','18:52:12','VIGILANTE',7,'Pedro Martinez'),(2277,65,'0004049464','2015-10-13','18:53:12','VIGILANTE',7,'Pedro Martinez'),(2278,65,'0004049464','2015-10-13','18:54:12','VIGILANTE',7,'Pedro Martinez'),(2279,65,'0004049464','2015-10-13','18:55:12','VIGILANTE',7,'Pedro Martinez'),(2280,65,'0004049464','2015-10-13','18:56:12','VIGILANTE',7,'Pedro Martinez'),(2281,65,'0004049464','2015-10-13','18:57:12','VIGILANTE',7,'Pedro Martinez'),(2282,65,'0004049464','2015-10-13','18:58:12','VIGILANTE',7,'Pedro Martinez'),(2283,65,'0004049464','2015-10-13','18:59:12','VIGILANTE',7,'Pedro Martinez'),(2284,65,'0004049464','2015-10-13','19:00:12','VIGILANTE',7,'Pedro Martinez'),(2285,65,'0004049464','2015-10-13','19:01:12','VIGILANTE',7,'Pedro Martinez'),(2286,65,'0004049464','2015-10-13','19:02:12','VIGILANTE',7,'Pedro Martinez'),(2287,65,'0004049464','2015-10-13','19:03:12','VIGILANTE',7,'Pedro Martinez'),(2288,65,'0004049464','2015-10-13','19:04:12','VIGILANTE',7,'Pedro Martinez'),(2289,65,'0004049464','2015-10-13','19:05:12','VIGILANTE',7,'Pedro Martinez'),(2290,65,'0004049464','2015-10-13','19:06:12','VIGILANTE',7,'Pedro Martinez'),(2291,65,'0004049464','2015-10-13','19:07:12','VIGILANTE',7,'Pedro Martinez'),(2292,65,'0004049464','2015-10-13','19:08:12','VIGILANTE',7,'Pedro Martinez'),(2293,65,'0004049464','2015-10-13','19:09:12','VIGILANTE',7,'Pedro Martinez'),(2294,65,'0004049464','2015-10-13','19:10:12','VIGILANTE',7,'Pedro Martinez'),(2295,65,'0004049464','2015-10-13','19:11:12','VIGILANTE',7,'Pedro Martinez'),(2296,65,'0004049464','2015-10-13','19:12:12','VIGILANTE',7,'Pedro Martinez'),(2297,65,'0004049464','2015-10-13','19:13:12','VIGILANTE',7,'Pedro Martinez'),(2298,65,'0004049464','2015-10-13','19:14:12','VIGILANTE',7,'Pedro Martinez'),(2299,65,'0004049464','2015-10-13','19:15:12','VIGILANTE',7,'Pedro Martinez'),(2300,65,'0004049464','2015-10-13','19:16:12','VIGILANTE',7,'Pedro Martinez'),(2301,65,'0004049464','2015-10-13','19:17:12','VIGILANTE',7,'Pedro Martinez'),(2302,65,'0004049464','2015-10-13','19:18:12','VIGILANTE',7,'Pedro Martinez'),(2303,65,'0004049464','2015-10-13','19:19:12','VIGILANTE',7,'Pedro Martinez'),(2304,65,'0004049464','2015-10-13','19:20:12','VIGILANTE',7,'Pedro Martinez'),(2305,65,'0004049464','2015-10-13','19:21:12','VIGILANTE',7,'Pedro Martinez'),(2306,65,'0004049464','2015-10-13','19:22:12','VIGILANTE',7,'Pedro Martinez'),(2307,65,'0004049464','2015-10-13','19:23:12','VIGILANTE',7,'Pedro Martinez'),(2308,65,'0004049464','2015-10-13','19:24:12','VIGILANTE',7,'Pedro Martinez'),(2309,65,'0004049464','2015-10-13','19:25:12','VIGILANTE',7,'Pedro Martinez'),(2310,65,'0004049464','2015-10-13','19:26:12','VIGILANTE',7,'Pedro Martinez'),(2311,65,'0004049464','2015-10-13','19:27:12','VIGILANTE',7,'Pedro Martinez'),(2312,65,'0004049464','2015-10-13','19:28:12','VIGILANTE',7,'Pedro Martinez'),(2313,65,'0004049464','2015-10-13','19:29:12','VIGILANTE',7,'Pedro Martinez'),(2314,65,'0004049464','2015-10-13','19:30:12','VIGILANTE',7,'Pedro Martinez'),(2315,65,'0004049464','2015-10-13','19:31:12','VIGILANTE',7,'Pedro Martinez'),(2316,65,'0004049464','2015-10-13','19:32:12','VIGILANTE',7,'Pedro Martinez'),(2317,65,'0004049464','2015-10-13','19:33:12','VIGILANTE',7,'Pedro Martinez'),(2318,65,'0004049464','2015-10-13','19:34:12','VIGILANTE',7,'Pedro Martinez'),(2319,65,'0004049464','2015-10-13','19:35:12','VIGILANTE',7,'Pedro Martinez'),(2320,65,'0004049464','2015-10-13','19:36:12','VIGILANTE',7,'Pedro Martinez'),(2321,65,'0004049464','2015-10-13','19:37:12','VIGILANTE',7,'Pedro Martinez'),(2322,65,'0004049464','2015-10-13','19:38:12','VIGILANTE',7,'Pedro Martinez'),(2323,65,'0004049464','2015-10-13','19:39:12','VIGILANTE',7,'Pedro Martinez'),(2324,65,'0004049464','2015-10-13','19:40:12','VIGILANTE',7,'Pedro Martinez'),(2325,65,'0004049464','2015-10-13','19:41:12','VIGILANTE',7,'Pedro Martinez'),(2326,65,'0004049464','2015-10-13','19:42:12','VIGILANTE',7,'Pedro Martinez'),(2327,65,'0004049464','2015-10-13','19:43:12','VIGILANTE',7,'Pedro Martinez'),(2328,65,'0004049464','2015-10-13','19:44:12','VIGILANTE',7,'Pedro Martinez'),(2329,65,'0004049464','2015-10-13','19:45:12','VIGILANTE',7,'Pedro Martinez'),(2330,65,'0004049464','2015-10-13','19:46:12','VIGILANTE',7,'Pedro Martinez'),(2331,65,'0004049464','2015-10-13','19:47:12','VIGILANTE',7,'Pedro Martinez'),(2332,65,'0004049464','2015-10-13','19:48:12','VIGILANTE',7,'Pedro Martinez'),(2333,65,'0004049464','2015-10-13','19:49:12','VIGILANTE',7,'Pedro Martinez'),(2334,65,'0004049464','2015-10-13','19:50:12','VIGILANTE',7,'Pedro Martinez'),(2335,65,'0004049464','2015-10-13','19:51:12','VIGILANTE',7,'Pedro Martinez'),(2336,65,'0004049464','2015-10-13','19:52:12','VIGILANTE',7,'Pedro Martinez'),(2337,65,'0004049464','2015-10-13','19:53:12','VIGILANTE',7,'Pedro Martinez'),(2338,65,'0004049464','2015-10-13','19:54:12','VIGILANTE',7,'Pedro Martinez'),(2339,65,'0004049464','2015-10-13','19:55:12','VIGILANTE',7,'Pedro Martinez'),(2340,65,'0004049464','2015-10-13','19:56:12','VIGILANTE',7,'Pedro Martinez'),(2341,65,'0004049464','2015-10-13','19:57:12','VIGILANTE',7,'Pedro Martinez'),(2342,65,'0004049464','2015-10-13','19:58:12','VIGILANTE',7,'Pedro Martinez'),(2343,65,'0004049464','2015-10-13','19:59:12','VIGILANTE',7,'Pedro Martinez'),(2344,65,'0004049464','2015-10-13','20:00:12','VIGILANTE',7,'Pedro Martinez'),(2345,65,'0004049464','2015-10-13','20:01:12','VIGILANTE',7,'Pedro Martinez'),(2346,65,'0004049464','2015-10-13','20:02:12','VIGILANTE',7,'Pedro Martinez'),(2347,65,'0004049464','2015-10-13','20:03:12','VIGILANTE',7,'Pedro Martinez'),(2348,65,'0004049464','2015-10-13','20:04:12','VIGILANTE',7,'Pedro Martinez'),(2349,65,'0004049464','2015-10-13','20:05:12','VIGILANTE',7,'Pedro Martinez'),(2350,65,'0004049464','2015-10-13','20:06:12','VIGILANTE',7,'Pedro Martinez'),(2351,65,'0004049464','2015-10-13','20:07:12','VIGILANTE',7,'Pedro Martinez'),(2352,65,'0004049464','2015-10-13','20:08:12','VIGILANTE',7,'Pedro Martinez'),(2353,65,'0004049464','2015-10-13','20:09:12','VIGILANTE',7,'Pedro Martinez'),(2354,65,'0004049464','2015-10-13','20:10:12','VIGILANTE',7,'Pedro Martinez'),(2355,65,'0004049464','2015-10-13','20:11:12','VIGILANTE',7,'Pedro Martinez'),(2356,65,'0004049464','2015-10-13','20:12:12','VIGILANTE',7,'Pedro Martinez'),(2357,65,'0004049464','2015-10-13','20:13:12','VIGILANTE',7,'Pedro Martinez'),(2358,65,'0004049464','2015-10-13','20:14:12','VIGILANTE',7,'Pedro Martinez'),(2359,65,'0004049464','2015-10-13','20:15:12','VIGILANTE',7,'Pedro Martinez'),(2360,65,'0004049464','2015-10-13','20:16:12','VIGILANTE',7,'Pedro Martinez'),(2361,65,'0004049464','2015-10-13','20:17:12','VIGILANTE',7,'Pedro Martinez'),(2362,65,'0004049464','2015-10-13','20:18:12','VIGILANTE',7,'Pedro Martinez'),(2363,65,'0004049464','2015-10-13','20:19:12','VIGILANTE',7,'Pedro Martinez'),(2364,65,'0004049464','2015-10-13','20:20:12','VIGILANTE',7,'Pedro Martinez'),(2365,65,'0004049464','2015-10-13','20:21:12','VIGILANTE',7,'Pedro Martinez'),(2366,65,'0004049464','2015-10-13','20:22:12','VIGILANTE',7,'Pedro Martinez'),(2367,65,'0004049464','2015-10-13','20:23:12','VIGILANTE',7,'Pedro Martinez'),(2368,65,'0004049464','2015-10-13','20:24:12','VIGILANTE',7,'Pedro Martinez'),(2369,65,'0004049464','2015-10-13','20:25:12','VIGILANTE',7,'Pedro Martinez'),(2370,65,'0004049464','2015-10-13','20:26:12','VIGILANTE',7,'Pedro Martinez'),(2371,65,'0004049464','2015-10-13','20:27:12','VIGILANTE',7,'Pedro Martinez'),(2372,65,'0004049464','2015-10-13','20:28:12','VIGILANTE',7,'Pedro Martinez'),(2373,65,'0004049464','2015-10-13','20:29:12','VIGILANTE',7,'Pedro Martinez'),(2374,65,'0004049464','2015-10-13','20:30:12','VIGILANTE',7,'Pedro Martinez'),(2375,67,'0004049464','2015-10-13','18:04:12','VIGILANTE',7,'Pedro Martinez'),(2376,67,'0004049464','2015-10-13','18:05:12','VIGILANTE',7,'Pedro Martinez'),(2377,67,'0004049464','2015-10-13','18:06:12','VIGILANTE',7,'Pedro Martinez'),(2378,67,'0004049464','2015-10-13','18:07:12','VIGILANTE',7,'Pedro Martinez'),(2379,67,'0004049464','2015-10-13','18:08:12','VIGILANTE',7,'Pedro Martinez'),(2380,67,'0004049464','2015-10-13','18:09:12','VIGILANTE',7,'Pedro Martinez'),(2381,67,'0004049464','2015-10-13','18:10:12','VIGILANTE',7,'Pedro Martinez'),(2382,67,'0004049464','2015-10-13','18:11:12','VIGILANTE',7,'Pedro Martinez'),(2383,67,'0004049464','2015-10-13','18:12:12','VIGILANTE',7,'Pedro Martinez'),(2384,67,'0004049464','2015-10-13','18:13:12','VIGILANTE',7,'Pedro Martinez'),(2385,67,'0004049464','2015-10-13','18:14:12','VIGILANTE',7,'Pedro Martinez'),(2386,67,'0004049464','2015-10-13','18:15:12','VIGILANTE',7,'Pedro Martinez'),(2387,67,'0004049464','2015-10-13','18:16:12','VIGILANTE',7,'Pedro Martinez'),(2388,67,'0004049464','2015-10-13','18:17:12','VIGILANTE',7,'Pedro Martinez'),(2389,67,'0004049464','2015-10-13','18:18:12','VIGILANTE',7,'Pedro Martinez'),(2390,67,'0004049464','2015-10-13','18:19:12','VIGILANTE',7,'Pedro Martinez'),(2391,67,'0004049464','2015-10-13','18:20:12','VIGILANTE',7,'Pedro Martinez'),(2392,67,'0004049464','2015-10-13','18:21:12','VIGILANTE',7,'Pedro Martinez'),(2393,67,'0004049464','2015-10-13','18:22:12','VIGILANTE',7,'Pedro Martinez'),(2394,67,'0004049464','2015-10-13','18:23:12','VIGILANTE',7,'Pedro Martinez'),(2395,67,'0004049464','2015-10-13','18:24:12','VIGILANTE',7,'Pedro Martinez'),(2396,67,'0004049464','2015-10-13','18:25:12','VIGILANTE',7,'Pedro Martinez'),(2397,67,'0004049464','2015-10-13','18:26:12','VIGILANTE',7,'Pedro Martinez'),(2398,67,'0004049464','2015-10-13','18:27:12','VIGILANTE',7,'Pedro Martinez'),(2399,67,'0004049464','2015-10-13','18:28:12','VIGILANTE',7,'Pedro Martinez'),(2400,67,'0004049464','2015-10-13','18:29:12','VIGILANTE',7,'Pedro Martinez'),(2401,67,'0004049464','2015-10-13','18:30:12','VIGILANTE',7,'Pedro Martinez'),(2402,67,'0004049464','2015-10-13','18:31:12','VIGILANTE',7,'Pedro Martinez'),(2403,67,'0004049464','2015-10-13','18:32:12','VIGILANTE',7,'Pedro Martinez'),(2404,67,'0004049464','2015-10-13','18:33:12','VIGILANTE',7,'Pedro Martinez'),(2405,67,'0004049464','2015-10-13','18:34:12','VIGILANTE',7,'Pedro Martinez'),(2406,67,'0004049464','2015-10-13','18:35:12','VIGILANTE',7,'Pedro Martinez'),(2407,67,'0004049464','2015-10-13','18:36:12','VIGILANTE',7,'Pedro Martinez'),(2408,67,'0004049464','2015-10-13','18:37:12','VIGILANTE',7,'Pedro Martinez'),(2409,67,'0004049464','2015-10-13','18:38:12','VIGILANTE',7,'Pedro Martinez'),(2410,67,'0004049464','2015-10-13','18:39:12','VIGILANTE',7,'Pedro Martinez'),(2411,67,'0004049464','2015-10-13','18:40:12','VIGILANTE',7,'Pedro Martinez'),(2412,67,'0004049464','2015-10-13','18:41:12','VIGILANTE',7,'Pedro Martinez'),(2413,67,'0004049464','2015-10-13','18:42:12','VIGILANTE',7,'Pedro Martinez'),(2414,67,'0004049464','2015-10-13','18:43:12','VIGILANTE',7,'Pedro Martinez'),(2415,67,'0004049464','2015-10-13','18:44:12','VIGILANTE',7,'Pedro Martinez'),(2416,67,'0004049464','2015-10-13','18:45:12','VIGILANTE',7,'Pedro Martinez'),(2417,67,'0004049464','2015-10-13','18:46:12','VIGILANTE',7,'Pedro Martinez'),(2418,67,'0004049464','2015-10-13','18:47:12','VIGILANTE',7,'Pedro Martinez'),(2419,67,'0004049464','2015-10-13','18:48:12','VIGILANTE',7,'Pedro Martinez'),(2420,67,'0004049464','2015-10-13','18:49:12','VIGILANTE',7,'Pedro Martinez'),(2421,67,'0004049464','2015-10-13','18:50:12','VIGILANTE',7,'Pedro Martinez'),(2422,67,'0004049464','2015-10-13','18:51:12','VIGILANTE',7,'Pedro Martinez'),(2423,67,'0004049464','2015-10-13','18:52:12','VIGILANTE',7,'Pedro Martinez'),(2424,67,'0004049464','2015-10-13','18:53:12','VIGILANTE',7,'Pedro Martinez'),(2425,67,'0004049464','2015-10-13','18:54:12','VIGILANTE',7,'Pedro Martinez'),(2426,67,'0004049464','2015-10-13','18:55:12','VIGILANTE',7,'Pedro Martinez'),(2427,67,'0004049464','2015-10-13','18:56:12','VIGILANTE',7,'Pedro Martinez'),(2428,67,'0004049464','2015-10-13','18:57:12','VIGILANTE',7,'Pedro Martinez'),(2429,67,'0004049464','2015-10-13','18:58:12','VIGILANTE',7,'Pedro Martinez'),(2430,67,'0004049464','2015-10-13','18:59:12','VIGILANTE',7,'Pedro Martinez'),(2431,67,'0004049464','2015-10-13','19:00:12','VIGILANTE',7,'Pedro Martinez'),(2432,67,'0004049464','2015-10-13','19:01:12','VIGILANTE',7,'Pedro Martinez'),(2433,67,'0004049464','2015-10-13','19:02:12','VIGILANTE',7,'Pedro Martinez'),(2434,67,'0004049464','2015-10-13','19:03:12','VIGILANTE',7,'Pedro Martinez'),(2435,67,'0004049464','2015-10-13','19:04:12','VIGILANTE',7,'Pedro Martinez'),(2436,67,'0004049464','2015-10-13','19:05:12','VIGILANTE',7,'Pedro Martinez'),(2437,67,'0004049464','2015-10-13','19:06:12','VIGILANTE',7,'Pedro Martinez'),(2438,67,'0004049464','2015-10-13','19:07:12','VIGILANTE',7,'Pedro Martinez'),(2439,67,'0004049464','2015-10-13','19:08:12','VIGILANTE',7,'Pedro Martinez'),(2440,67,'0004049464','2015-10-13','19:09:12','VIGILANTE',7,'Pedro Martinez'),(2441,67,'0004049464','2015-10-13','19:10:12','VIGILANTE',7,'Pedro Martinez'),(2442,67,'0004049464','2015-10-13','19:11:12','VIGILANTE',7,'Pedro Martinez'),(2443,67,'0004049464','2015-10-13','19:12:12','VIGILANTE',7,'Pedro Martinez'),(2444,67,'0004049464','2015-10-13','19:13:12','VIGILANTE',7,'Pedro Martinez'),(2445,67,'0004049464','2015-10-13','19:14:12','VIGILANTE',7,'Pedro Martinez'),(2446,67,'0004049464','2015-10-13','19:15:12','VIGILANTE',7,'Pedro Martinez'),(2447,67,'0004049464','2015-10-13','19:16:12','VIGILANTE',7,'Pedro Martinez'),(2448,67,'0004049464','2015-10-13','19:17:12','VIGILANTE',7,'Pedro Martinez'),(2449,67,'0004049464','2015-10-13','19:18:12','VIGILANTE',7,'Pedro Martinez'),(2450,67,'0004049464','2015-10-13','19:19:12','VIGILANTE',7,'Pedro Martinez'),(2451,67,'0004049464','2015-10-13','19:20:12','VIGILANTE',7,'Pedro Martinez'),(2452,67,'0004049464','2015-10-13','19:21:12','VIGILANTE',7,'Pedro Martinez'),(2453,67,'0004049464','2015-10-13','19:22:12','VIGILANTE',7,'Pedro Martinez'),(2454,67,'0004049464','2015-10-13','19:23:12','VIGILANTE',7,'Pedro Martinez'),(2455,67,'0004049464','2015-10-13','19:24:12','VIGILANTE',7,'Pedro Martinez'),(2456,67,'0004049464','2015-10-13','19:25:12','VIGILANTE',7,'Pedro Martinez'),(2457,67,'0004049464','2015-10-13','19:26:12','VIGILANTE',7,'Pedro Martinez'),(2458,67,'0004049464','2015-10-13','19:27:12','VIGILANTE',7,'Pedro Martinez'),(2459,67,'0004049464','2015-10-13','19:28:12','VIGILANTE',7,'Pedro Martinez'),(2460,67,'0004049464','2015-10-13','19:29:12','VIGILANTE',7,'Pedro Martinez'),(2461,67,'0004049464','2015-10-13','19:30:12','VIGILANTE',7,'Pedro Martinez'),(2462,67,'0004049464','2015-10-13','19:31:12','VIGILANTE',7,'Pedro Martinez'),(2463,67,'0004049464','2015-10-13','19:32:12','VIGILANTE',7,'Pedro Martinez'),(2464,67,'0004049464','2015-10-13','19:33:12','VIGILANTE',7,'Pedro Martinez'),(2465,67,'0004049464','2015-10-13','19:34:12','VIGILANTE',7,'Pedro Martinez'),(2466,67,'0004049464','2015-10-13','19:35:12','VIGILANTE',7,'Pedro Martinez'),(2467,67,'0004049464','2015-10-13','19:36:12','VIGILANTE',7,'Pedro Martinez'),(2468,67,'0004049464','2015-10-13','19:37:12','VIGILANTE',7,'Pedro Martinez'),(2469,67,'0004049464','2015-10-13','19:38:12','VIGILANTE',7,'Pedro Martinez'),(2470,67,'0004049464','2015-10-13','19:39:12','VIGILANTE',7,'Pedro Martinez'),(2471,67,'0004049464','2015-10-13','19:40:12','VIGILANTE',7,'Pedro Martinez'),(2472,67,'0004049464','2015-10-13','19:41:12','VIGILANTE',7,'Pedro Martinez'),(2473,67,'0004049464','2015-10-13','19:42:12','VIGILANTE',7,'Pedro Martinez'),(2474,67,'0004049464','2015-10-13','19:43:12','VIGILANTE',7,'Pedro Martinez'),(2475,67,'0004049464','2015-10-13','19:44:12','VIGILANTE',7,'Pedro Martinez'),(2476,67,'0004049464','2015-10-13','19:45:12','VIGILANTE',7,'Pedro Martinez'),(2477,67,'0004049464','2015-10-13','19:46:12','VIGILANTE',7,'Pedro Martinez'),(2478,67,'0004049464','2015-10-13','19:47:12','VIGILANTE',7,'Pedro Martinez'),(2479,67,'0004049464','2015-10-13','19:48:12','VIGILANTE',7,'Pedro Martinez'),(2480,67,'0004049464','2015-10-13','19:49:12','VIGILANTE',7,'Pedro Martinez'),(2481,67,'0004049464','2015-10-13','19:50:12','VIGILANTE',7,'Pedro Martinez'),(2482,67,'0004049464','2015-10-13','19:51:12','VIGILANTE',7,'Pedro Martinez'),(2483,67,'0004049464','2015-10-13','19:52:12','VIGILANTE',7,'Pedro Martinez'),(2484,67,'0004049464','2015-10-13','19:53:12','VIGILANTE',7,'Pedro Martinez'),(2485,67,'0004049464','2015-10-13','19:54:12','VIGILANTE',7,'Pedro Martinez'),(2486,67,'0004049464','2015-10-13','19:55:12','VIGILANTE',7,'Pedro Martinez'),(2487,67,'0004049464','2015-10-13','19:56:12','VIGILANTE',7,'Pedro Martinez'),(2488,67,'0004049464','2015-10-13','19:57:12','VIGILANTE',7,'Pedro Martinez'),(2489,67,'0004049464','2015-10-13','19:58:12','VIGILANTE',7,'Pedro Martinez'),(2490,67,'0004049464','2015-10-13','19:59:12','VIGILANTE',7,'Pedro Martinez'),(2491,67,'0004049464','2015-10-13','20:00:12','VIGILANTE',7,'Pedro Martinez'),(2492,67,'0004049464','2015-10-13','20:01:12','VIGILANTE',7,'Pedro Martinez'),(2493,67,'0004049464','2015-10-13','20:02:12','VIGILANTE',7,'Pedro Martinez'),(2494,67,'0004049464','2015-10-13','20:03:12','VIGILANTE',7,'Pedro Martinez'),(2495,67,'0004049464','2015-10-13','20:04:12','VIGILANTE',7,'Pedro Martinez'),(2496,67,'0004049464','2015-10-13','20:05:12','VIGILANTE',7,'Pedro Martinez'),(2497,67,'0004049464','2015-10-13','20:06:12','VIGILANTE',7,'Pedro Martinez'),(2498,67,'0004049464','2015-10-13','20:07:12','VIGILANTE',7,'Pedro Martinez'),(2499,67,'0004049464','2015-10-13','20:08:12','VIGILANTE',7,'Pedro Martinez'),(2500,67,'0004049464','2015-10-13','20:09:12','VIGILANTE',7,'Pedro Martinez'),(2501,67,'0004049464','2015-10-13','20:10:12','VIGILANTE',7,'Pedro Martinez'),(2502,67,'0004049464','2015-10-13','20:11:12','VIGILANTE',7,'Pedro Martinez'),(2503,67,'0004049464','2015-10-13','20:12:12','VIGILANTE',7,'Pedro Martinez'),(2504,67,'0004049464','2015-10-13','20:13:12','VIGILANTE',7,'Pedro Martinez'),(2505,67,'0004049464','2015-10-13','20:14:12','VIGILANTE',7,'Pedro Martinez'),(2506,67,'0004049464','2015-10-13','20:15:12','VIGILANTE',7,'Pedro Martinez'),(2507,67,'0004049464','2015-10-13','20:16:12','VIGILANTE',7,'Pedro Martinez'),(2508,67,'0004049464','2015-10-13','20:17:12','VIGILANTE',7,'Pedro Martinez'),(2509,67,'0004049464','2015-10-13','20:18:12','VIGILANTE',7,'Pedro Martinez'),(2510,67,'0004049464','2015-10-13','20:19:12','VIGILANTE',7,'Pedro Martinez'),(2511,67,'0004049464','2015-10-13','20:20:12','VIGILANTE',7,'Pedro Martinez'),(2512,67,'0004049464','2015-10-13','20:21:12','VIGILANTE',7,'Pedro Martinez'),(2513,67,'0004049464','2015-10-13','20:22:12','VIGILANTE',7,'Pedro Martinez'),(2514,67,'0004049464','2015-10-13','20:23:12','VIGILANTE',7,'Pedro Martinez'),(2515,67,'0004049464','2015-10-13','20:24:12','VIGILANTE',7,'Pedro Martinez'),(2516,67,'0004049464','2015-10-13','20:25:12','VIGILANTE',7,'Pedro Martinez'),(2517,67,'0004049464','2015-10-13','20:26:12','VIGILANTE',7,'Pedro Martinez'),(2518,67,'0004049464','2015-10-13','20:27:12','VIGILANTE',7,'Pedro Martinez'),(2519,67,'0004049464','2015-10-13','20:28:12','VIGILANTE',7,'Pedro Martinez'),(2520,67,'0004049464','2015-10-13','20:29:12','VIGILANTE',7,'Pedro Martinez'),(2521,67,'0004049464','2015-10-13','20:30:12','VIGILANTE',7,'Pedro Martinez'),(2522,67,'0004049464','2015-10-13','20:31:12','VIGILANTE',7,'Pedro Martinez'),(2523,67,'0004049464','2015-10-13','20:32:12','VIGILANTE',7,'Pedro Martinez'),(2524,67,'0004049464','2015-10-13','20:33:12','VIGILANTE',7,'Pedro Martinez'),(2525,67,'0004049464','2015-10-13','20:34:12','VIGILANTE',7,'Pedro Martinez'),(2526,67,'0004049464','2015-10-13','20:35:12','VIGILANTE',7,'Pedro Martinez'),(2527,67,'0004049464','2015-10-13','20:36:12','VIGILANTE',7,'Pedro Martinez'),(2528,67,'0004049464','2015-10-13','20:37:12','VIGILANTE',7,'Pedro Martinez'),(2529,67,'0004049464','2015-10-13','20:38:12','VIGILANTE',7,'Pedro Martinez'),(2530,67,'0004049464','2015-10-13','20:39:12','VIGILANTE',7,'Pedro Martinez'),(2531,67,'0004049464','2015-10-13','20:40:12','VIGILANTE',7,'Pedro Martinez'),(2532,67,'0004049464','2015-10-13','20:41:12','VIGILANTE',7,'Pedro Martinez'),(2533,67,'0004049464','2015-10-13','20:42:12','VIGILANTE',7,'Pedro Martinez'),(2534,67,'0004049464','2015-10-13','20:43:12','VIGILANTE',7,'Pedro Martinez'),(2535,67,'0004049464','2015-10-13','20:44:12','VIGILANTE',7,'Pedro Martinez'),(2536,67,'0004049464','2015-10-13','20:45:12','VIGILANTE',7,'Pedro Martinez'),(2537,67,'0004049464','2015-10-13','20:46:12','VIGILANTE',7,'Pedro Martinez'),(2538,67,'0004049464','2015-10-13','20:47:12','VIGILANTE',7,'Pedro Martinez'),(2539,67,'0004049464','2015-10-13','20:48:12','VIGILANTE',7,'Pedro Martinez'),(2540,67,'0004049464','2015-10-13','20:49:12','VIGILANTE',7,'Pedro Martinez'),(2541,67,'0004049464','2015-10-13','20:50:12','VIGILANTE',7,'Pedro Martinez'),(2542,67,'0004049464','2015-10-13','20:51:12','VIGILANTE',7,'Pedro Martinez'),(2543,67,'0004049464','2015-10-13','20:52:12','VIGILANTE',7,'Pedro Martinez'),(2544,67,'0004049464','2015-10-13','20:53:12','VIGILANTE',7,'Pedro Martinez'),(2545,67,'0004049464','2015-10-13','20:54:12','VIGILANTE',7,'Pedro Martinez'),(2546,67,'0004049464','2015-10-13','20:55:12','VIGILANTE',7,'Pedro Martinez'),(2547,67,'0004049464','2015-10-13','20:56:12','VIGILANTE',7,'Pedro Martinez'),(2548,67,'0004049464','2015-10-13','20:57:12','VIGILANTE',7,'Pedro Martinez'),(2549,67,'0004049464','2015-10-13','20:58:12','VIGILANTE',7,'Pedro Martinez'),(2550,67,'0004049464','2015-10-13','20:59:12','VIGILANTE',7,'Pedro Martinez'),(2551,67,'0004049464','2015-10-13','21:00:12','VIGILANTE',7,'Pedro Martinez'),(2552,67,'0004049464','2015-10-13','21:01:12','VIGILANTE',7,'Pedro Martinez'),(2553,67,'0004049464','2015-10-13','21:02:12','VIGILANTE',7,'Pedro Martinez'),(2554,67,'0004049464','2015-10-13','21:03:12','VIGILANTE',7,'Pedro Martinez'),(2555,67,'0004049464','2015-10-13','21:04:12','VIGILANTE',7,'Pedro Martinez'),(2556,67,'0004049464','2015-10-13','21:05:12','VIGILANTE',7,'Pedro Martinez'),(2557,67,'0004049464','2015-10-13','21:06:12','VIGILANTE',7,'Pedro Martinez'),(2558,67,'0004049464','2015-10-13','21:07:12','VIGILANTE',7,'Pedro Martinez'),(2559,67,'0004049464','2015-10-13','21:08:12','VIGILANTE',7,'Pedro Martinez'),(2560,67,'0004049464','2015-10-13','21:09:12','VIGILANTE',7,'Pedro Martinez'),(2561,67,'0004049464','2015-10-13','21:10:12','VIGILANTE',7,'Pedro Martinez'),(2562,67,'0004049464','2015-10-13','21:11:12','VIGILANTE',7,'Pedro Martinez'),(2563,67,'0004049464','2015-10-13','21:12:12','VIGILANTE',7,'Pedro Martinez'),(2564,67,'0004049464','2015-10-13','21:13:12','VIGILANTE',7,'Pedro Martinez'),(2565,67,'0004049464','2015-10-13','21:14:12','VIGILANTE',7,'Pedro Martinez'),(2566,67,'0004049464','2015-10-13','21:15:12','VIGILANTE',7,'Pedro Martinez'),(2567,67,'0004049464','2015-10-13','21:16:12','VIGILANTE',7,'Pedro Martinez'),(2568,67,'0004049464','2015-10-13','21:17:12','VIGILANTE',7,'Pedro Martinez'),(2569,67,'0004049464','2015-10-13','21:18:12','VIGILANTE',7,'Pedro Martinez'),(2570,67,'0004049464','2015-10-13','21:19:12','VIGILANTE',7,'Pedro Martinez'),(2571,67,'0004049464','2015-10-13','21:20:12','VIGILANTE',7,'Pedro Martinez'),(2572,67,'0004049464','2015-10-13','21:21:12','VIGILANTE',7,'Pedro Martinez'),(2573,67,'0004049464','2015-10-13','21:22:12','VIGILANTE',7,'Pedro Martinez'),(2574,67,'0004049464','2015-10-13','21:23:12','VIGILANTE',7,'Pedro Martinez'),(2575,67,'0004049464','2015-10-13','21:24:12','VIGILANTE',7,'Pedro Martinez'),(2576,67,'0004049464','2015-10-13','21:25:12','VIGILANTE',7,'Pedro Martinez'),(2577,67,'0004049464','2015-10-13','21:26:12','VIGILANTE',7,'Pedro Martinez'),(2578,67,'0004049464','2015-10-13','21:27:12','VIGILANTE',7,'Pedro Martinez'),(2579,67,'0004049464','2015-10-13','21:28:12','VIGILANTE',7,'Pedro Martinez'),(2580,67,'0004049464','2015-10-13','21:29:12','VIGILANTE',7,'Pedro Martinez'),(2581,67,'0004049464','2015-10-13','21:30:12','VIGILANTE',7,'Pedro Martinez'),(2582,67,'0004049464','2015-10-13','21:31:12','VIGILANTE',7,'Pedro Martinez'),(2583,67,'0004049464','2015-10-13','21:32:12','VIGILANTE',7,'Pedro Martinez'),(2584,67,'0004049464','2015-10-13','21:33:12','VIGILANTE',7,'Pedro Martinez'),(2585,67,'0004049464','2015-10-13','21:34:12','VIGILANTE',7,'Pedro Martinez'),(2586,67,'0004049464','2015-10-13','21:35:12','VIGILANTE',7,'Pedro Martinez'),(2587,67,'0004049464','2015-10-13','21:36:12','VIGILANTE',7,'Pedro Martinez'),(2588,67,'0004049464','2015-10-13','21:37:12','VIGILANTE',7,'Pedro Martinez'),(2589,67,'0004049464','2015-10-13','21:38:12','VIGILANTE',7,'Pedro Martinez'),(2590,67,'0004049464','2015-10-13','21:39:12','VIGILANTE',7,'Pedro Martinez'),(2591,67,'0004049464','2015-10-13','21:40:12','VIGILANTE',7,'Pedro Martinez'),(2592,67,'0004049464','2015-10-13','21:41:12','VIGILANTE',7,'Pedro Martinez'),(2593,67,'0004049464','2015-10-13','21:42:12','VIGILANTE',7,'Pedro Martinez'),(2594,67,'0004049464','2015-10-13','21:43:12','VIGILANTE',7,'Pedro Martinez'),(2595,67,'0004049464','2015-10-13','21:44:12','VIGILANTE',7,'Pedro Martinez'),(2596,67,'0004049464','2015-10-13','21:45:12','VIGILANTE',7,'Pedro Martinez'),(2597,67,'0004049464','2015-10-13','21:46:12','VIGILANTE',7,'Pedro Martinez'),(2598,67,'0004049464','2015-10-13','21:47:12','VIGILANTE',7,'Pedro Martinez'),(2599,67,'0004049464','2015-10-13','21:48:12','VIGILANTE',7,'Pedro Martinez'),(2600,67,'0004049464','2015-10-13','21:49:12','VIGILANTE',7,'Pedro Martinez'),(2601,67,'0004049464','2015-10-13','21:50:12','VIGILANTE',7,'Pedro Martinez'),(2602,67,'0004049464','2015-10-13','21:51:12','VIGILANTE',7,'Pedro Martinez'),(2603,67,'0004049464','2015-10-13','21:52:12','VIGILANTE',7,'Pedro Martinez'),(2604,67,'0004049464','2015-10-13','21:53:12','VIGILANTE',7,'Pedro Martinez'),(2605,67,'0004049464','2015-10-13','21:54:12','VIGILANTE',7,'Pedro Martinez'),(2606,67,'0004049464','2015-10-13','21:55:12','VIGILANTE',7,'Pedro Martinez'),(2607,67,'0004049464','2015-10-13','21:56:12','VIGILANTE',7,'Pedro Martinez'),(2608,67,'0004049464','2015-10-13','21:57:12','VIGILANTE',7,'Pedro Martinez'),(2609,67,'0004049464','2015-10-13','21:58:12','VIGILANTE',7,'Pedro Martinez'),(2610,67,'0004049464','2015-10-13','21:59:12','VIGILANTE',7,'Pedro Martinez'),(2611,67,'0004049464','2015-10-13','22:00:12','VIGILANTE',7,'Pedro Martinez'),(2612,67,'0004049464','2015-10-13','22:01:12','VIGILANTE',7,'Pedro Martinez'),(2613,67,'0004049464','2015-10-13','22:02:12','VIGILANTE',7,'Pedro Martinez'),(2614,67,'0004049464','2015-10-13','22:03:12','VIGILANTE',7,'Pedro Martinez'),(2615,67,'0004049464','2015-10-13','22:04:12','VIGILANTE',7,'Pedro Martinez'),(2616,67,'0004049464','2015-10-13','22:05:12','VIGILANTE',7,'Pedro Martinez'),(2617,67,'0004049464','2015-10-13','22:06:12','VIGILANTE',7,'Pedro Martinez'),(2618,67,'0004049464','2015-10-13','22:07:12','VIGILANTE',7,'Pedro Martinez'),(2619,67,'0004049464','2015-10-13','22:08:12','VIGILANTE',7,'Pedro Martinez'),(2620,67,'0004049464','2015-10-13','22:09:12','VIGILANTE',7,'Pedro Martinez'),(2621,67,'0004049464','2015-10-13','22:10:12','VIGILANTE',7,'Pedro Martinez'),(2622,67,'0004049464','2015-10-13','22:11:12','VIGILANTE',7,'Pedro Martinez'),(2623,67,'0004049464','2015-10-13','22:12:12','VIGILANTE',7,'Pedro Martinez'),(2624,67,'0004049464','2015-10-13','22:13:12','VIGILANTE',7,'Pedro Martinez'),(2625,67,'0004049464','2015-10-13','22:14:12','VIGILANTE',7,'Pedro Martinez'),(2626,67,'0004049464','2015-10-13','22:15:12','VIGILANTE',7,'Pedro Martinez'),(2627,67,'0004049464','2015-10-13','22:16:12','VIGILANTE',7,'Pedro Martinez'),(2628,67,'0004049464','2015-10-13','22:17:12','VIGILANTE',7,'Pedro Martinez'),(2629,67,'0004049464','2015-10-13','22:18:12','VIGILANTE',7,'Pedro Martinez'),(2630,67,'0004049464','2015-10-13','22:19:12','VIGILANTE',7,'Pedro Martinez'),(2631,67,'0004049464','2015-10-13','22:20:12','VIGILANTE',7,'Pedro Martinez'),(2632,67,'0004049464','2015-10-13','22:21:12','VIGILANTE',7,'Pedro Martinez'),(2633,67,'0004049464','2015-10-13','22:22:12','VIGILANTE',7,'Pedro Martinez'),(2634,67,'0004049464','2015-10-13','22:23:12','VIGILANTE',7,'Pedro Martinez'),(2635,67,'0004049464','2015-10-13','22:24:12','VIGILANTE',7,'Pedro Martinez'),(2636,67,'0004049464','2015-10-13','22:25:12','VIGILANTE',7,'Pedro Martinez'),(2637,67,'0004049464','2015-10-13','22:26:12','VIGILANTE',7,'Pedro Martinez'),(2638,67,'0004049464','2015-10-13','22:27:12','VIGILANTE',7,'Pedro Martinez'),(2639,67,'0004049464','2015-10-13','22:28:12','VIGILANTE',7,'Pedro Martinez'),(2640,67,'0004049464','2015-10-13','22:29:12','VIGILANTE',7,'Pedro Martinez'),(2641,67,'0004049464','2015-10-13','22:30:12','VIGILANTE',7,'Pedro Martinez'),(2642,67,'0004049464','2015-10-13','22:31:12','VIGILANTE',7,'Pedro Martinez'),(2643,67,'0004049464','2015-10-13','22:32:12','VIGILANTE',7,'Pedro Martinez'),(2644,67,'0004049464','2015-10-13','22:33:12','VIGILANTE',7,'Pedro Martinez'),(2645,67,'0004049464','2015-10-13','22:34:12','VIGILANTE',7,'Pedro Martinez'),(2646,67,'0004049464','2015-10-13','22:35:12','VIGILANTE',7,'Pedro Martinez'),(2647,67,'0004049464','2015-10-13','22:36:12','VIGILANTE',7,'Pedro Martinez'),(2648,67,'0004049464','2015-10-13','22:37:12','VIGILANTE',7,'Pedro Martinez'),(2649,67,'0004049464','2015-10-13','22:38:12','VIGILANTE',7,'Pedro Martinez'),(2650,67,'0004049464','2015-10-13','22:39:12','VIGILANTE',7,'Pedro Martinez'),(2651,67,'0004049464','2015-10-13','22:40:12','VIGILANTE',7,'Pedro Martinez'),(2652,67,'0004049464','2015-10-13','22:41:12','VIGILANTE',7,'Pedro Martinez'),(2653,67,'0004049464','2015-10-13','22:42:12','VIGILANTE',7,'Pedro Martinez'),(2654,67,'0004049464','2015-10-13','22:43:12','VIGILANTE',7,'Pedro Martinez'),(2655,67,'0004049464','2015-10-13','22:44:12','VIGILANTE',7,'Pedro Martinez'),(2656,67,'0004049464','2015-10-13','22:45:12','VIGILANTE',7,'Pedro Martinez'),(2657,67,'0004049464','2015-10-13','22:46:12','VIGILANTE',7,'Pedro Martinez'),(2658,67,'0004049464','2015-10-13','22:47:12','VIGILANTE',7,'Pedro Martinez'),(2659,67,'0004049464','2015-10-13','22:48:12','VIGILANTE',7,'Pedro Martinez'),(2660,67,'0004049464','2015-10-13','22:49:12','VIGILANTE',7,'Pedro Martinez'),(2661,67,'0004049464','2015-10-13','22:50:12','VIGILANTE',7,'Pedro Martinez'),(2662,67,'0004049464','2015-10-13','22:51:12','VIGILANTE',7,'Pedro Martinez'),(2663,67,'0004049464','2015-10-13','22:52:12','VIGILANTE',7,'Pedro Martinez'),(2664,67,'0004049464','2015-10-13','22:53:12','VIGILANTE',7,'Pedro Martinez'),(2665,67,'0004049464','2015-10-13','22:54:12','VIGILANTE',7,'Pedro Martinez'),(2666,67,'0004049464','2015-10-13','22:55:12','VIGILANTE',7,'Pedro Martinez'),(2667,67,'0004049464','2015-10-13','22:56:12','VIGILANTE',7,'Pedro Martinez'),(2668,67,'0004049464','2015-10-13','22:57:12','VIGILANTE',7,'Pedro Martinez'),(2669,67,'0004049464','2015-10-13','22:58:12','VIGILANTE',7,'Pedro Martinez'),(2670,67,'0004049464','2015-10-13','22:59:12','VIGILANTE',7,'Pedro Martinez'),(2671,67,'0004049464','2015-10-13','23:00:12','VIGILANTE',7,'Pedro Martinez'),(2672,67,'0004049464','2015-10-13','23:01:12','VIGILANTE',7,'Pedro Martinez'),(2673,67,'0004049464','2015-10-13','23:02:12','VIGILANTE',7,'Pedro Martinez'),(2674,67,'0004049464','2015-10-13','23:03:12','VIGILANTE',7,'Pedro Martinez'),(2675,67,'0004049464','2015-10-13','23:04:12','VIGILANTE',7,'Pedro Martinez'),(2676,67,'0004049464','2015-10-13','23:05:12','VIGILANTE',7,'Pedro Martinez'),(2677,67,'0004049464','2015-10-13','23:06:12','VIGILANTE',7,'Pedro Martinez'),(2678,67,'0004049464','2015-10-13','23:07:12','VIGILANTE',7,'Pedro Martinez'),(2679,67,'0004049464','2015-10-13','23:08:12','VIGILANTE',7,'Pedro Martinez'),(2680,67,'0004049464','2015-10-13','23:09:12','VIGILANTE',7,'Pedro Martinez'),(2681,67,'0004049464','2015-10-13','23:10:12','VIGILANTE',7,'Pedro Martinez'),(2682,67,'0004049464','2015-10-13','23:11:12','VIGILANTE',7,'Pedro Martinez'),(2683,67,'0004049464','2015-10-13','23:12:12','VIGILANTE',7,'Pedro Martinez'),(2684,67,'0004049464','2015-10-13','23:13:12','VIGILANTE',7,'Pedro Martinez'),(2685,67,'0004049464','2015-10-13','23:14:12','VIGILANTE',7,'Pedro Martinez'),(2686,67,'0004049464','2015-10-13','23:15:12','VIGILANTE',7,'Pedro Martinez'),(2687,67,'0004049464','2015-10-13','23:16:12','VIGILANTE',7,'Pedro Martinez'),(2688,67,'0004049464','2015-10-13','23:17:12','VIGILANTE',7,'Pedro Martinez'),(2689,67,'0004049464','2015-10-13','23:18:12','VIGILANTE',7,'Pedro Martinez'),(2690,67,'0004049464','2015-10-13','23:19:12','VIGILANTE',7,'Pedro Martinez'),(2691,67,'0004049464','2015-10-13','23:20:12','VIGILANTE',7,'Pedro Martinez'),(2692,67,'0004049464','2015-10-13','23:21:12','VIGILANTE',7,'Pedro Martinez'),(2693,67,'0004049464','2015-10-13','23:22:12','VIGILANTE',7,'Pedro Martinez'),(2694,67,'0004049464','2015-10-13','23:23:12','VIGILANTE',7,'Pedro Martinez'),(2695,67,'0004049464','2015-10-13','23:24:12','VIGILANTE',7,'Pedro Martinez'),(2696,67,'0004049464','2015-10-13','23:25:12','VIGILANTE',7,'Pedro Martinez'),(2697,67,'0004049464','2015-10-13','23:26:12','VIGILANTE',7,'Pedro Martinez'),(2698,67,'0004049464','2015-10-13','23:27:12','VIGILANTE',7,'Pedro Martinez'),(2699,67,'0004049464','2015-10-13','23:28:12','VIGILANTE',7,'Pedro Martinez'),(2700,67,'0004049464','2015-10-13','23:29:12','VIGILANTE',7,'Pedro Martinez'),(2701,67,'0004049464','2015-10-13','23:30:12','VIGILANTE',7,'Pedro Martinez'),(2702,67,'0004049464','2015-10-13','23:31:12','VIGILANTE',7,'Pedro Martinez'),(2703,67,'0004049464','2015-10-13','23:32:12','VIGILANTE',7,'Pedro Martinez'),(2704,67,'0004049464','2015-10-13','23:33:12','VIGILANTE',7,'Pedro Martinez'),(2705,67,'0004049464','2015-10-13','23:34:12','VIGILANTE',7,'Pedro Martinez'),(2706,67,'0004049464','2015-10-13','23:35:12','VIGILANTE',7,'Pedro Martinez'),(2707,67,'0004049464','2015-10-13','23:36:12','VIGILANTE',7,'Pedro Martinez'),(2708,67,'0004049464','2015-10-13','23:37:12','VIGILANTE',7,'Pedro Martinez'),(2709,67,'0004049464','2015-10-13','23:38:12','VIGILANTE',7,'Pedro Martinez'),(2710,67,'0004049464','2015-10-13','23:39:12','VIGILANTE',7,'Pedro Martinez'),(2711,67,'0004049464','2015-10-13','23:40:12','VIGILANTE',7,'Pedro Martinez'),(2712,67,'0004049464','2015-10-13','23:41:12','VIGILANTE',7,'Pedro Martinez'),(2713,67,'0004049464','2015-10-13','23:42:12','VIGILANTE',7,'Pedro Martinez'),(2714,67,'0004049464','2015-10-13','23:43:12','VIGILANTE',7,'Pedro Martinez'),(2715,67,'0004049464','2015-10-13','23:44:12','VIGILANTE',7,'Pedro Martinez'),(2716,67,'0004049464','2015-10-13','23:45:12','VIGILANTE',7,'Pedro Martinez'),(2717,67,'0004049464','2015-10-13','23:46:12','VIGILANTE',7,'Pedro Martinez'),(2718,67,'0004049464','2015-10-13','23:47:12','VIGILANTE',7,'Pedro Martinez'),(2719,67,'0004049464','2015-10-13','23:48:12','VIGILANTE',7,'Pedro Martinez'),(2720,67,'0004049464','2015-10-13','23:49:12','VIGILANTE',7,'Pedro Martinez'),(2721,67,'0004049464','2015-10-13','23:50:12','VIGILANTE',7,'Pedro Martinez'),(2722,67,'0004049464','2015-10-13','23:51:12','VIGILANTE',7,'Pedro Martinez'),(2723,67,'0004049464','2015-10-13','23:52:12','VIGILANTE',7,'Pedro Martinez'),(2724,67,'0004049464','2015-10-13','23:53:12','VIGILANTE',7,'Pedro Martinez'),(2725,67,'0004049464','2015-10-13','23:54:12','VIGILANTE',7,'Pedro Martinez'),(2726,67,'0004049464','2015-10-13','23:55:12','VIGILANTE',7,'Pedro Martinez'),(2727,67,'0004049464','2015-10-13','23:56:12','VIGILANTE',7,'Pedro Martinez'),(2728,67,'0004049464','2015-10-13','23:57:12','VIGILANTE',7,'Pedro Martinez'),(2729,67,'0004049464','2015-10-13','23:58:12','VIGILANTE',7,'Pedro Martinez'),(2730,67,'0004049464','2015-10-13','23:59:12','VIGILANTE',7,'Pedro Martinez'),(2731,67,'0004049464','2015-10-14','00:00:12','VIGILANTE',7,'Pedro Martinez'),(2732,67,'0004049464','2015-10-14','00:01:12','VIGILANTE',7,'Pedro Martinez'),(2733,67,'0004049464','2015-10-14','00:02:12','VIGILANTE',7,'Pedro Martinez'),(2734,67,'0004049464','2015-10-14','00:03:12','VIGILANTE',7,'Pedro Martinez'),(2735,67,'0004049464','2015-10-14','00:04:12','VIGILANTE',7,'Pedro Martinez'),(2736,67,'0004049464','2015-10-14','00:05:12','VIGILANTE',7,'Pedro Martinez'),(2737,67,'0004049464','2015-10-14','00:06:12','VIGILANTE',7,'Pedro Martinez'),(2738,67,'0004049464','2015-10-14','00:07:12','VIGILANTE',7,'Pedro Martinez'),(2739,67,'0004049464','2015-10-14','00:08:12','VIGILANTE',7,'Pedro Martinez'),(2740,67,'0004049464','2015-10-14','00:09:12','VIGILANTE',7,'Pedro Martinez'),(2741,67,'0004049464','2015-10-14','00:10:12','VIGILANTE',7,'Pedro Martinez'),(2742,67,'0004049464','2015-10-14','00:11:12','VIGILANTE',7,'Pedro Martinez'),(2743,67,'0004049464','2015-10-14','00:12:12','VIGILANTE',7,'Pedro Martinez'),(2744,67,'0004049464','2015-10-14','00:13:12','VIGILANTE',7,'Pedro Martinez'),(2745,67,'0004049464','2015-10-14','00:14:12','VIGILANTE',7,'Pedro Martinez'),(2746,67,'0004049464','2015-10-14','00:15:12','VIGILANTE',7,'Pedro Martinez'),(2747,67,'0004049464','2015-10-14','00:16:12','VIGILANTE',7,'Pedro Martinez'),(2748,67,'0004049464','2015-10-14','00:17:12','VIGILANTE',7,'Pedro Martinez'),(2749,67,'0004049464','2015-10-14','00:18:12','VIGILANTE',7,'Pedro Martinez'),(2750,67,'0004049464','2015-10-14','00:19:12','VIGILANTE',7,'Pedro Martinez'),(2751,67,'0004049464','2015-10-14','00:20:12','VIGILANTE',7,'Pedro Martinez'),(2752,67,'0004049464','2015-10-14','00:21:12','VIGILANTE',7,'Pedro Martinez'),(2753,67,'0004049464','2015-10-14','00:22:12','VIGILANTE',7,'Pedro Martinez'),(2754,67,'0004049464','2015-10-14','00:23:12','VIGILANTE',7,'Pedro Martinez'),(2755,67,'0004049464','2015-10-14','00:24:12','VIGILANTE',7,'Pedro Martinez'),(2756,67,'0004049464','2015-10-14','00:25:12','VIGILANTE',7,'Pedro Martinez'),(2757,67,'0004049464','2015-10-14','00:26:12','VIGILANTE',7,'Pedro Martinez'),(2758,67,'0004049464','2015-10-14','00:27:12','VIGILANTE',7,'Pedro Martinez'),(2759,67,'0004049464','2015-10-14','00:28:12','VIGILANTE',7,'Pedro Martinez'),(2760,67,'0004049464','2015-10-14','00:29:12','VIGILANTE',7,'Pedro Martinez'),(2761,67,'0004049464','2015-10-14','00:30:12','VIGILANTE',7,'Pedro Martinez'),(2762,67,'0004049464','2015-10-14','00:31:12','VIGILANTE',7,'Pedro Martinez'),(2763,67,'0004049464','2015-10-14','00:32:12','VIGILANTE',7,'Pedro Martinez'),(2764,67,'0004049464','2015-10-14','00:33:12','VIGILANTE',7,'Pedro Martinez'),(2765,67,'0004049464','2015-10-14','00:34:12','VIGILANTE',7,'Pedro Martinez'),(2766,67,'0004049464','2015-10-14','00:35:12','VIGILANTE',7,'Pedro Martinez'),(2767,67,'0004049464','2015-10-14','00:36:12','VIGILANTE',7,'Pedro Martinez'),(2768,67,'0004049464','2015-10-14','00:37:12','VIGILANTE',7,'Pedro Martinez'),(2769,67,'0004049464','2015-10-14','00:38:12','VIGILANTE',7,'Pedro Martinez'),(2770,67,'0004049464','2015-10-14','00:39:12','VIGILANTE',7,'Pedro Martinez'),(2771,67,'0004049464','2015-10-14','00:40:12','VIGILANTE',7,'Pedro Martinez'),(2772,67,'0004049464','2015-10-14','00:41:12','VIGILANTE',7,'Pedro Martinez'),(2773,67,'0004049464','2015-10-14','00:42:12','VIGILANTE',7,'Pedro Martinez'),(2774,67,'0004049464','2015-10-14','00:43:12','VIGILANTE',7,'Pedro Martinez'),(2775,67,'0004049464','2015-10-14','00:44:12','VIGILANTE',7,'Pedro Martinez'),(2776,67,'0004049464','2015-10-14','00:45:12','VIGILANTE',7,'Pedro Martinez'),(2777,67,'0004049464','2015-10-14','00:46:12','VIGILANTE',7,'Pedro Martinez'),(2778,67,'0004049464','2015-10-14','00:47:12','VIGILANTE',7,'Pedro Martinez'),(2779,67,'0004049464','2015-10-14','00:48:12','VIGILANTE',7,'Pedro Martinez'),(2780,67,'0004049464','2015-10-14','00:49:12','VIGILANTE',7,'Pedro Martinez'),(2781,67,'0004049464','2015-10-14','00:50:12','VIGILANTE',7,'Pedro Martinez'),(2782,67,'0004049464','2015-10-14','00:51:12','VIGILANTE',7,'Pedro Martinez'),(2783,67,'0004049464','2015-10-14','00:52:12','VIGILANTE',7,'Pedro Martinez'),(2784,67,'0004049464','2015-10-14','00:53:12','VIGILANTE',7,'Pedro Martinez'),(2785,67,'0004049464','2015-10-14','00:54:12','VIGILANTE',7,'Pedro Martinez'),(2786,67,'0004049464','2015-10-14','00:55:12','VIGILANTE',7,'Pedro Martinez'),(2787,67,'0004049464','2015-10-14','00:56:12','VIGILANTE',7,'Pedro Martinez'),(2788,67,'0004049464','2015-10-14','00:57:12','VIGILANTE',7,'Pedro Martinez'),(2789,67,'0004049464','2015-10-14','00:58:12','VIGILANTE',7,'Pedro Martinez'),(2790,67,'0004049464','2015-10-14','00:59:12','VIGILANTE',7,'Pedro Martinez'),(2791,67,'0004049464','2015-10-14','01:00:12','VIGILANTE',7,'Pedro Martinez'),(2792,67,'0004049464','2015-10-14','01:01:12','VIGILANTE',7,'Pedro Martinez'),(2793,67,'0004049464','2015-10-14','01:02:12','VIGILANTE',7,'Pedro Martinez'),(2794,67,'0004049464','2015-10-14','01:03:12','VIGILANTE',7,'Pedro Martinez'),(2795,67,'0004049464','2015-10-14','01:04:12','VIGILANTE',7,'Pedro Martinez'),(2796,67,'0004049464','2015-10-14','01:05:12','VIGILANTE',7,'Pedro Martinez'),(2797,67,'0004049464','2015-10-14','01:06:12','VIGILANTE',7,'Pedro Martinez'),(2798,67,'0004049464','2015-10-14','01:07:12','VIGILANTE',7,'Pedro Martinez'),(2799,67,'0004049464','2015-10-14','01:08:12','VIGILANTE',7,'Pedro Martinez'),(2800,67,'0004049464','2015-10-14','01:09:12','VIGILANTE',7,'Pedro Martinez'),(2801,67,'0004049464','2015-10-14','01:10:12','VIGILANTE',7,'Pedro Martinez'),(2802,67,'0004049464','2015-10-14','01:11:12','VIGILANTE',7,'Pedro Martinez'),(2803,67,'0004049464','2015-10-14','01:12:12','VIGILANTE',7,'Pedro Martinez'),(2804,67,'0004049464','2015-10-14','01:13:12','VIGILANTE',7,'Pedro Martinez'),(2805,67,'0004049464','2015-10-14','01:14:12','VIGILANTE',7,'Pedro Martinez'),(2806,67,'0004049464','2015-10-14','01:15:12','VIGILANTE',7,'Pedro Martinez'),(2807,67,'0004049464','2015-10-14','01:16:12','VIGILANTE',7,'Pedro Martinez'),(2808,67,'0004049464','2015-10-14','01:17:12','VIGILANTE',7,'Pedro Martinez'),(2809,67,'0004049464','2015-10-14','01:18:12','VIGILANTE',7,'Pedro Martinez'),(2810,67,'0004049464','2015-10-14','01:19:12','VIGILANTE',7,'Pedro Martinez'),(2811,67,'0004049464','2015-10-14','01:20:12','VIGILANTE',7,'Pedro Martinez'),(2812,67,'0004049464','2015-10-14','01:21:12','VIGILANTE',7,'Pedro Martinez'),(2813,67,'0004049464','2015-10-14','01:22:12','VIGILANTE',7,'Pedro Martinez'),(2814,67,'0004049464','2015-10-14','01:23:12','VIGILANTE',7,'Pedro Martinez'),(2815,67,'0004049464','2015-10-14','01:24:12','VIGILANTE',7,'Pedro Martinez'),(2816,67,'0004049464','2015-10-14','01:25:12','VIGILANTE',7,'Pedro Martinez'),(2817,67,'0004049464','2015-10-14','01:26:12','VIGILANTE',7,'Pedro Martinez'),(2818,67,'0004049464','2015-10-14','01:27:12','VIGILANTE',7,'Pedro Martinez'),(2819,67,'0004049464','2015-10-14','01:28:12','VIGILANTE',7,'Pedro Martinez'),(2820,67,'0004049464','2015-10-14','01:29:12','VIGILANTE',7,'Pedro Martinez'),(2821,67,'0004049464','2015-10-14','01:30:12','VIGILANTE',7,'Pedro Martinez'),(2822,67,'0004049464','2015-10-14','01:31:12','VIGILANTE',7,'Pedro Martinez'),(2823,67,'0004049464','2015-10-14','01:32:12','VIGILANTE',7,'Pedro Martinez'),(2824,67,'0004049464','2015-10-14','01:33:12','VIGILANTE',7,'Pedro Martinez'),(2825,67,'0004049464','2015-10-14','01:34:12','VIGILANTE',7,'Pedro Martinez'),(2826,67,'0004049464','2015-10-14','01:35:12','VIGILANTE',7,'Pedro Martinez'),(2827,67,'0004049464','2015-10-14','01:36:12','VIGILANTE',7,'Pedro Martinez'),(2828,67,'0004049464','2015-10-14','01:37:12','VIGILANTE',7,'Pedro Martinez'),(2829,67,'0004049464','2015-10-14','01:38:12','VIGILANTE',7,'Pedro Martinez'),(2830,67,'0004049464','2015-10-14','01:39:12','VIGILANTE',7,'Pedro Martinez'),(2831,67,'0004049464','2015-10-14','01:40:12','VIGILANTE',7,'Pedro Martinez'),(2832,67,'0004049464','2015-10-14','01:41:12','VIGILANTE',7,'Pedro Martinez'),(2833,67,'0004049464','2015-10-14','01:42:12','VIGILANTE',7,'Pedro Martinez'),(2834,67,'0004049464','2015-10-14','01:43:12','VIGILANTE',7,'Pedro Martinez'),(2835,67,'0004049464','2015-10-14','01:44:12','VIGILANTE',7,'Pedro Martinez'),(2836,67,'0004049464','2015-10-14','01:45:12','VIGILANTE',7,'Pedro Martinez'),(2837,67,'0004049464','2015-10-14','01:46:12','VIGILANTE',7,'Pedro Martinez'),(2838,67,'0004049464','2015-10-14','01:47:12','VIGILANTE',7,'Pedro Martinez'),(2839,67,'0004049464','2015-10-14','01:48:12','VIGILANTE',7,'Pedro Martinez'),(2840,67,'0004049464','2015-10-14','01:49:12','VIGILANTE',7,'Pedro Martinez'),(2841,67,'0004049464','2015-10-14','01:50:12','VIGILANTE',7,'Pedro Martinez'),(2842,67,'0004049464','2015-10-14','01:51:12','VIGILANTE',7,'Pedro Martinez'),(2843,67,'0004049464','2015-10-14','01:52:12','VIGILANTE',7,'Pedro Martinez'),(2844,67,'0004049464','2015-10-14','01:53:12','VIGILANTE',7,'Pedro Martinez'),(2845,67,'0004049464','2015-10-14','01:54:12','VIGILANTE',7,'Pedro Martinez'),(2846,67,'0004049464','2015-10-14','01:55:12','VIGILANTE',7,'Pedro Martinez'),(2847,67,'0004049464','2015-10-14','01:56:12','VIGILANTE',7,'Pedro Martinez'),(2848,67,'0004049464','2015-10-14','01:57:12','VIGILANTE',7,'Pedro Martinez'),(2849,67,'0004049464','2015-10-14','01:58:12','VIGILANTE',7,'Pedro Martinez'),(2850,67,'0004049464','2015-10-14','01:59:12','VIGILANTE',7,'Pedro Martinez'),(2851,67,'0004049464','2015-10-14','02:00:12','VIGILANTE',7,'Pedro Martinez'),(2852,67,'0004049464','2015-10-14','02:01:12','VIGILANTE',7,'Pedro Martinez'),(2853,67,'0004049464','2015-10-14','02:02:12','VIGILANTE',7,'Pedro Martinez'),(2854,67,'0004049464','2015-10-14','02:03:12','VIGILANTE',7,'Pedro Martinez'),(2855,67,'0004049464','2015-10-14','02:04:12','VIGILANTE',7,'Pedro Martinez'),(2856,67,'0004049464','2015-10-14','02:05:12','VIGILANTE',7,'Pedro Martinez'),(2857,67,'0004049464','2015-10-14','02:06:12','VIGILANTE',7,'Pedro Martinez'),(2858,67,'0004049464','2015-10-14','02:07:12','VIGILANTE',7,'Pedro Martinez'),(2859,67,'0004049464','2015-10-14','02:08:12','VIGILANTE',7,'Pedro Martinez'),(2860,67,'0004049464','2015-10-14','02:09:12','VIGILANTE',7,'Pedro Martinez'),(2861,67,'0004049464','2015-10-14','02:10:12','VIGILANTE',7,'Pedro Martinez'),(2862,67,'0004049464','2015-10-14','02:11:12','VIGILANTE',7,'Pedro Martinez'),(2863,67,'0004049464','2015-10-14','02:12:12','VIGILANTE',7,'Pedro Martinez'),(2864,67,'0004049464','2015-10-14','02:13:12','VIGILANTE',7,'Pedro Martinez'),(2865,67,'0004049464','2015-10-14','02:14:12','VIGILANTE',7,'Pedro Martinez'),(2866,67,'0004049464','2015-10-14','02:15:12','VIGILANTE',7,'Pedro Martinez'),(2867,67,'0004049464','2015-10-14','02:16:12','VIGILANTE',7,'Pedro Martinez'),(2868,67,'0004049464','2015-10-14','02:17:12','VIGILANTE',7,'Pedro Martinez'),(2869,67,'0004049464','2015-10-14','02:18:12','VIGILANTE',7,'Pedro Martinez'),(2870,67,'0004049464','2015-10-14','02:19:12','VIGILANTE',7,'Pedro Martinez'),(2871,67,'0004049464','2015-10-14','02:20:12','VIGILANTE',7,'Pedro Martinez'),(2872,67,'0004049464','2015-10-14','02:21:12','VIGILANTE',7,'Pedro Martinez'),(2873,67,'0004049464','2015-10-14','02:22:12','VIGILANTE',7,'Pedro Martinez'),(2874,67,'0004049464','2015-10-14','02:23:12','VIGILANTE',7,'Pedro Martinez'),(2875,67,'0004049464','2015-10-14','02:24:12','VIGILANTE',7,'Pedro Martinez'),(2876,67,'0004049464','2015-10-14','02:25:12','VIGILANTE',7,'Pedro Martinez'),(2877,67,'0004049464','2015-10-14','02:26:12','VIGILANTE',7,'Pedro Martinez'),(2878,67,'0004049464','2015-10-14','02:27:12','VIGILANTE',7,'Pedro Martinez'),(2879,67,'0004049464','2015-10-14','02:28:12','VIGILANTE',7,'Pedro Martinez'),(2880,67,'0004049464','2015-10-14','02:29:12','VIGILANTE',7,'Pedro Martinez'),(2881,67,'0004049464','2015-10-14','02:30:12','VIGILANTE',7,'Pedro Martinez'),(2882,67,'0004049464','2015-10-14','02:31:12','VIGILANTE',7,'Pedro Martinez'),(2883,67,'0004049464','2015-10-14','02:32:12','VIGILANTE',7,'Pedro Martinez'),(2884,67,'0004049464','2015-10-14','02:33:12','VIGILANTE',7,'Pedro Martinez'),(2885,67,'0004049464','2015-10-14','02:34:12','VIGILANTE',7,'Pedro Martinez'),(2886,67,'0004049464','2015-10-14','02:35:12','VIGILANTE',7,'Pedro Martinez'),(2887,67,'0004049464','2015-10-14','02:36:12','VIGILANTE',7,'Pedro Martinez'),(2888,67,'0004049464','2015-10-14','02:37:12','VIGILANTE',7,'Pedro Martinez'),(2889,67,'0004049464','2015-10-14','02:38:12','VIGILANTE',7,'Pedro Martinez'),(2890,67,'0004049464','2015-10-14','02:39:12','VIGILANTE',7,'Pedro Martinez'),(2891,67,'0004049464','2015-10-14','02:40:12','VIGILANTE',7,'Pedro Martinez'),(2892,67,'0004049464','2015-10-14','02:41:12','VIGILANTE',7,'Pedro Martinez'),(2893,67,'0004049464','2015-10-14','02:42:12','VIGILANTE',7,'Pedro Martinez'),(2894,67,'0004049464','2015-10-14','02:43:12','VIGILANTE',7,'Pedro Martinez'),(2895,67,'0004049464','2015-10-14','02:44:12','VIGILANTE',7,'Pedro Martinez'),(2896,67,'0004049464','2015-10-14','02:45:12','VIGILANTE',7,'Pedro Martinez'),(2897,67,'0004049464','2015-10-14','02:46:12','VIGILANTE',7,'Pedro Martinez'),(2898,67,'0004049464','2015-10-14','02:47:12','VIGILANTE',7,'Pedro Martinez'),(2899,67,'0004049464','2015-10-14','02:48:12','VIGILANTE',7,'Pedro Martinez'),(2900,67,'0004049464','2015-10-14','02:49:12','VIGILANTE',7,'Pedro Martinez'),(2901,67,'0004049464','2015-10-14','02:50:12','VIGILANTE',7,'Pedro Martinez'),(2902,67,'0004049464','2015-10-14','02:51:12','VIGILANTE',7,'Pedro Martinez'),(2903,67,'0004049464','2015-10-14','02:52:12','VIGILANTE',7,'Pedro Martinez'),(2904,67,'0004049464','2015-10-14','02:53:12','VIGILANTE',7,'Pedro Martinez'),(2905,67,'0004049464','2015-10-14','02:54:12','VIGILANTE',7,'Pedro Martinez'),(2906,67,'0004049464','2015-10-14','02:55:12','VIGILANTE',7,'Pedro Martinez'),(2907,67,'0004049464','2015-10-14','02:56:12','VIGILANTE',7,'Pedro Martinez'),(2908,67,'0004049464','2015-10-14','02:57:12','VIGILANTE',7,'Pedro Martinez'),(2909,67,'0004049464','2015-10-14','02:58:12','VIGILANTE',7,'Pedro Martinez'),(2910,67,'0004049464','2015-10-14','02:59:12','VIGILANTE',7,'Pedro Martinez'),(2911,67,'0004049464','2015-10-14','03:00:12','VIGILANTE',7,'Pedro Martinez'),(2912,67,'0004049464','2015-10-14','03:01:12','VIGILANTE',7,'Pedro Martinez'),(2913,67,'0004049464','2015-10-14','03:02:12','VIGILANTE',7,'Pedro Martinez'),(2914,67,'0004049464','2015-10-14','03:03:12','VIGILANTE',7,'Pedro Martinez'),(2915,67,'0004049464','2015-10-14','03:04:12','VIGILANTE',7,'Pedro Martinez'),(2916,67,'0004049464','2015-10-14','03:05:12','VIGILANTE',7,'Pedro Martinez'),(2917,67,'0004049464','2015-10-14','03:06:12','VIGILANTE',7,'Pedro Martinez'),(2918,67,'0004049464','2015-10-14','03:07:12','VIGILANTE',7,'Pedro Martinez'),(2919,67,'0004049464','2015-10-14','03:08:12','VIGILANTE',7,'Pedro Martinez'),(2920,67,'0004049464','2015-10-14','03:09:12','VIGILANTE',7,'Pedro Martinez'),(2921,67,'0004049464','2015-10-14','03:10:12','VIGILANTE',7,'Pedro Martinez'),(2922,67,'0004049464','2015-10-14','03:11:12','VIGILANTE',7,'Pedro Martinez'),(2923,67,'0004049464','2015-10-14','03:12:12','VIGILANTE',7,'Pedro Martinez'),(2924,67,'0004049464','2015-10-14','03:13:12','VIGILANTE',7,'Pedro Martinez'),(2925,67,'0004049464','2015-10-14','03:14:12','VIGILANTE',7,'Pedro Martinez'),(2926,67,'0004049464','2015-10-14','03:15:12','VIGILANTE',7,'Pedro Martinez'),(2927,67,'0004049464','2015-10-14','03:16:12','VIGILANTE',7,'Pedro Martinez'),(2928,67,'0004049464','2015-10-14','03:17:12','VIGILANTE',7,'Pedro Martinez'),(2929,67,'0004049464','2015-10-14','03:18:12','VIGILANTE',7,'Pedro Martinez'),(2930,67,'0004049464','2015-10-14','03:19:12','VIGILANTE',7,'Pedro Martinez'),(2931,67,'0004049464','2015-10-14','03:20:12','VIGILANTE',7,'Pedro Martinez'),(2932,67,'0004049464','2015-10-14','03:21:12','VIGILANTE',7,'Pedro Martinez'),(2933,67,'0004049464','2015-10-14','03:22:12','VIGILANTE',7,'Pedro Martinez'),(2934,67,'0004049464','2015-10-14','03:23:12','VIGILANTE',7,'Pedro Martinez'),(2935,67,'0004049464','2015-10-14','03:24:12','VIGILANTE',7,'Pedro Martinez'),(2936,67,'0004049464','2015-10-14','03:25:12','VIGILANTE',7,'Pedro Martinez'),(2937,67,'0004049464','2015-10-14','03:26:12','VIGILANTE',7,'Pedro Martinez'),(2938,67,'0004049464','2015-10-14','03:27:12','VIGILANTE',7,'Pedro Martinez'),(2939,67,'0004049464','2015-10-14','03:28:12','VIGILANTE',7,'Pedro Martinez'),(2940,67,'0004049464','2015-10-14','03:29:12','VIGILANTE',7,'Pedro Martinez'),(2941,67,'0004049464','2015-10-14','03:30:12','VIGILANTE',7,'Pedro Martinez'),(2942,67,'0004049464','2015-10-14','03:31:12','VIGILANTE',7,'Pedro Martinez'),(2943,67,'0004049464','2015-10-14','03:32:12','VIGILANTE',7,'Pedro Martinez'),(2944,67,'0004049464','2015-10-14','03:33:12','VIGILANTE',7,'Pedro Martinez'),(2945,67,'0004049464','2015-10-14','03:34:12','VIGILANTE',7,'Pedro Martinez'),(2946,67,'0004049464','2015-10-14','03:35:12','VIGILANTE',7,'Pedro Martinez'),(2947,67,'0004049464','2015-10-14','03:36:12','VIGILANTE',7,'Pedro Martinez'),(2948,67,'0004049464','2015-10-14','03:37:12','VIGILANTE',7,'Pedro Martinez'),(2949,67,'0004049464','2015-10-14','03:38:12','VIGILANTE',7,'Pedro Martinez'),(2950,67,'0004049464','2015-10-14','03:39:12','VIGILANTE',7,'Pedro Martinez'),(2951,67,'0004049464','2015-10-14','03:40:12','VIGILANTE',7,'Pedro Martinez'),(2952,67,'0004049464','2015-10-14','03:41:12','VIGILANTE',7,'Pedro Martinez'),(2953,67,'0004049464','2015-10-14','03:42:12','VIGILANTE',7,'Pedro Martinez'),(2954,67,'0004049464','2015-10-14','03:43:12','VIGILANTE',7,'Pedro Martinez'),(2955,67,'0004049464','2015-10-14','03:44:12','VIGILANTE',7,'Pedro Martinez'),(2956,67,'0004049464','2015-10-14','03:45:12','VIGILANTE',7,'Pedro Martinez'),(2957,67,'0004049464','2015-10-14','03:46:12','VIGILANTE',7,'Pedro Martinez'),(2958,67,'0004049464','2015-10-14','03:47:12','VIGILANTE',7,'Pedro Martinez'),(2959,67,'0004049464','2015-10-14','03:48:12','VIGILANTE',7,'Pedro Martinez'),(2960,67,'0004049464','2015-10-14','03:49:12','VIGILANTE',7,'Pedro Martinez'),(2961,67,'0004049464','2015-10-14','03:50:12','VIGILANTE',7,'Pedro Martinez'),(2962,67,'0004049464','2015-10-14','03:51:12','VIGILANTE',7,'Pedro Martinez'),(2963,67,'0004049464','2015-10-14','03:52:12','VIGILANTE',7,'Pedro Martinez'),(2964,67,'0004049464','2015-10-14','03:53:12','VIGILANTE',7,'Pedro Martinez'),(2965,67,'0004049464','2015-10-14','03:54:12','VIGILANTE',7,'Pedro Martinez'),(2966,67,'0004049464','2015-10-14','03:55:12','VIGILANTE',7,'Pedro Martinez'),(2967,67,'0004049464','2015-10-14','03:56:12','VIGILANTE',7,'Pedro Martinez'),(2968,67,'0004049464','2015-10-14','03:57:12','VIGILANTE',7,'Pedro Martinez'),(2969,67,'0004049464','2015-10-14','03:58:12','VIGILANTE',7,'Pedro Martinez'),(2970,67,'0004049464','2015-10-14','03:59:12','VIGILANTE',7,'Pedro Martinez'),(2971,67,'0004049464','2015-10-14','04:00:12','VIGILANTE',7,'Pedro Martinez'),(2972,67,'0004049464','2015-10-14','04:01:12','VIGILANTE',7,'Pedro Martinez'),(2973,67,'0004049464','2015-10-14','04:02:12','VIGILANTE',7,'Pedro Martinez'),(2974,67,'0004049464','2015-10-14','04:03:12','VIGILANTE',7,'Pedro Martinez'),(2975,67,'0004049464','2015-10-14','04:04:12','VIGILANTE',7,'Pedro Martinez'),(2976,67,'0004049464','2015-10-14','04:05:12','VIGILANTE',7,'Pedro Martinez'),(2977,67,'0004049464','2015-10-14','04:06:12','VIGILANTE',7,'Pedro Martinez'),(2978,67,'0004049464','2015-10-14','04:07:12','VIGILANTE',7,'Pedro Martinez'),(2979,67,'0004049464','2015-10-14','04:08:12','VIGILANTE',7,'Pedro Martinez'),(2980,67,'0004049464','2015-10-14','04:09:12','VIGILANTE',7,'Pedro Martinez'),(2981,67,'0004049464','2015-10-14','04:10:12','VIGILANTE',7,'Pedro Martinez'),(2982,67,'0004049464','2015-10-14','04:11:12','VIGILANTE',7,'Pedro Martinez'),(2983,67,'0004049464','2015-10-14','04:12:12','VIGILANTE',7,'Pedro Martinez'),(2984,67,'0004049464','2015-10-14','04:13:12','VIGILANTE',7,'Pedro Martinez'),(2985,67,'0004049464','2015-10-14','04:14:12','VIGILANTE',7,'Pedro Martinez'),(2986,67,'0004049464','2015-10-14','04:15:12','VIGILANTE',7,'Pedro Martinez'),(2987,67,'0004049464','2015-10-14','04:16:12','VIGILANTE',7,'Pedro Martinez'),(2988,67,'0004049464','2015-10-14','04:17:12','VIGILANTE',7,'Pedro Martinez'),(2989,67,'0004049464','2015-10-14','04:18:12','VIGILANTE',7,'Pedro Martinez'),(2990,67,'0004049464','2015-10-14','04:19:12','VIGILANTE',7,'Pedro Martinez'),(2991,67,'0004049464','2015-10-14','04:20:12','VIGILANTE',7,'Pedro Martinez'),(2992,67,'0004049464','2015-10-14','04:21:12','VIGILANTE',7,'Pedro Martinez'),(2993,67,'0004049464','2015-10-14','04:22:12','VIGILANTE',7,'Pedro Martinez'),(2994,67,'0004049464','2015-10-14','04:23:12','VIGILANTE',7,'Pedro Martinez'),(2995,67,'0004049464','2015-10-14','04:24:12','VIGILANTE',7,'Pedro Martinez'),(2996,67,'0004049464','2015-10-14','04:25:12','VIGILANTE',7,'Pedro Martinez'),(2997,67,'0004049464','2015-10-14','04:26:12','VIGILANTE',7,'Pedro Martinez'),(2998,67,'0004049464','2015-10-14','04:27:12','VIGILANTE',7,'Pedro Martinez'),(2999,67,'0004049464','2015-10-14','04:28:12','VIGILANTE',7,'Pedro Martinez'),(3000,67,'0004049464','2015-10-14','04:29:12','VIGILANTE',7,'Pedro Martinez'),(3001,67,'0004049464','2015-10-14','04:30:12','VIGILANTE',7,'Pedro Martinez'),(3002,67,'0004049464','2015-10-14','04:31:12','VIGILANTE',7,'Pedro Martinez'),(3003,67,'0004049464','2015-10-14','04:32:12','VIGILANTE',7,'Pedro Martinez'),(3004,67,'0004049464','2015-10-14','04:33:12','VIGILANTE',7,'Pedro Martinez'),(3005,67,'0004049464','2015-10-14','04:34:12','VIGILANTE',7,'Pedro Martinez'),(3006,67,'0004049464','2015-10-14','04:35:12','VIGILANTE',7,'Pedro Martinez'),(3007,67,'0004049464','2015-10-14','04:36:12','VIGILANTE',7,'Pedro Martinez'),(3008,67,'0004049464','2015-10-14','04:37:12','VIGILANTE',7,'Pedro Martinez'),(3009,67,'0004049464','2015-10-14','04:38:12','VIGILANTE',7,'Pedro Martinez'),(3010,67,'0004049464','2015-10-14','04:39:12','VIGILANTE',7,'Pedro Martinez'),(3011,67,'0004049464','2015-10-14','04:40:12','VIGILANTE',7,'Pedro Martinez'),(3012,67,'0004049464','2015-10-14','04:41:12','VIGILANTE',7,'Pedro Martinez'),(3013,67,'0004049464','2015-10-14','04:42:12','VIGILANTE',7,'Pedro Martinez'),(3014,67,'0004049464','2015-10-14','04:43:12','VIGILANTE',7,'Pedro Martinez'),(3015,67,'0004049464','2015-10-14','04:44:12','VIGILANTE',7,'Pedro Martinez'),(3016,67,'0004049464','2015-10-14','04:45:12','VIGILANTE',7,'Pedro Martinez'),(3017,67,'0004049464','2015-10-14','04:46:12','VIGILANTE',7,'Pedro Martinez'),(3018,67,'0004049464','2015-10-14','04:47:12','VIGILANTE',7,'Pedro Martinez'),(3019,67,'0004049464','2015-10-14','04:48:12','VIGILANTE',7,'Pedro Martinez'),(3020,67,'0004049464','2015-10-14','04:49:12','VIGILANTE',7,'Pedro Martinez'),(3021,67,'0004049464','2015-10-14','04:50:12','VIGILANTE',7,'Pedro Martinez'),(3022,67,'0004049464','2015-10-14','04:51:12','VIGILANTE',7,'Pedro Martinez'),(3023,67,'0004049464','2015-10-14','04:52:12','VIGILANTE',7,'Pedro Martinez'),(3024,67,'0004049464','2015-10-14','04:53:12','VIGILANTE',7,'Pedro Martinez'),(3025,67,'0004049464','2015-10-14','04:54:12','VIGILANTE',7,'Pedro Martinez'),(3026,67,'0004049464','2015-10-14','04:55:12','VIGILANTE',7,'Pedro Martinez'),(3027,67,'0004049464','2015-10-14','04:56:12','VIGILANTE',7,'Pedro Martinez'),(3028,67,'0004049464','2015-10-14','04:57:12','VIGILANTE',7,'Pedro Martinez'),(3029,67,'0004049464','2015-10-14','04:58:12','VIGILANTE',7,'Pedro Martinez'),(3030,67,'0004049464','2015-10-14','04:59:12','VIGILANTE',7,'Pedro Martinez'),(3031,67,'0004049464','2015-10-14','05:00:12','VIGILANTE',7,'Pedro Martinez'),(3032,67,'0004049464','2015-10-14','05:01:12','VIGILANTE',7,'Pedro Martinez'),(3033,67,'0004049464','2015-10-14','05:02:12','VIGILANTE',7,'Pedro Martinez'),(3034,67,'0004049464','2015-10-14','05:03:12','VIGILANTE',7,'Pedro Martinez'),(3035,67,'0004049464','2015-10-14','05:04:12','VIGILANTE',7,'Pedro Martinez'),(3036,67,'0004049464','2015-10-14','05:05:12','VIGILANTE',7,'Pedro Martinez'),(3037,67,'0004049464','2015-10-14','05:06:12','VIGILANTE',7,'Pedro Martinez'),(3038,67,'0004049464','2015-10-14','05:07:12','VIGILANTE',7,'Pedro Martinez'),(3039,67,'0004049464','2015-10-14','05:08:12','VIGILANTE',7,'Pedro Martinez'),(3040,67,'0004049464','2015-10-14','05:09:12','VIGILANTE',7,'Pedro Martinez'),(3041,67,'0004049464','2015-10-14','05:10:12','VIGILANTE',7,'Pedro Martinez'),(3042,67,'0004049464','2015-10-14','05:11:12','VIGILANTE',7,'Pedro Martinez'),(3043,67,'0004049464','2015-10-14','05:12:12','VIGILANTE',7,'Pedro Martinez'),(3044,67,'0004049464','2015-10-14','05:13:12','VIGILANTE',7,'Pedro Martinez'),(3045,67,'0004049464','2015-10-14','05:14:12','VIGILANTE',7,'Pedro Martinez'),(3046,67,'0004049464','2015-10-14','05:15:12','VIGILANTE',7,'Pedro Martinez'),(3047,67,'0004049464','2015-10-14','05:16:12','VIGILANTE',7,'Pedro Martinez'),(3048,67,'0004049464','2015-10-14','05:17:12','VIGILANTE',7,'Pedro Martinez'),(3049,67,'0004049464','2015-10-14','05:18:12','VIGILANTE',7,'Pedro Martinez'),(3050,67,'0004049464','2015-10-14','05:19:12','VIGILANTE',7,'Pedro Martinez'),(3051,67,'0004049464','2015-10-14','05:20:12','VIGILANTE',7,'Pedro Martinez'),(3052,67,'0004049464','2015-10-14','05:21:12','VIGILANTE',7,'Pedro Martinez'),(3053,67,'0004049464','2015-10-14','05:22:12','VIGILANTE',7,'Pedro Martinez'),(3054,67,'0004049464','2015-10-14','05:23:12','VIGILANTE',7,'Pedro Martinez'),(3055,67,'0004049464','2015-10-14','05:24:12','VIGILANTE',7,'Pedro Martinez'),(3056,67,'0004049464','2015-10-14','05:25:12','VIGILANTE',7,'Pedro Martinez'),(3057,67,'0004049464','2015-10-14','05:26:12','VIGILANTE',7,'Pedro Martinez'),(3058,67,'0004049464','2015-10-14','05:27:12','VIGILANTE',7,'Pedro Martinez'),(3059,67,'0004049464','2015-10-14','05:28:12','VIGILANTE',7,'Pedro Martinez'),(3060,67,'0004049464','2015-10-14','05:29:12','VIGILANTE',7,'Pedro Martinez'),(3061,67,'0004049464','2015-10-14','05:30:12','VIGILANTE',7,'Pedro Martinez'),(3062,67,'0004049464','2015-10-14','05:31:12','VIGILANTE',7,'Pedro Martinez'),(3063,67,'0004049464','2015-10-14','05:32:12','VIGILANTE',7,'Pedro Martinez'),(3064,67,'0004049464','2015-10-14','05:33:12','VIGILANTE',7,'Pedro Martinez'),(3065,67,'0004049464','2015-10-14','05:34:12','VIGILANTE',7,'Pedro Martinez'),(3066,67,'0004049464','2015-10-14','05:35:12','VIGILANTE',7,'Pedro Martinez'),(3067,67,'0004049464','2015-10-14','05:36:12','VIGILANTE',7,'Pedro Martinez'),(3068,67,'0004049464','2015-10-14','05:37:12','VIGILANTE',7,'Pedro Martinez'),(3069,67,'0004049464','2015-10-14','05:38:12','VIGILANTE',7,'Pedro Martinez'),(3070,67,'0004049464','2015-10-14','05:39:12','VIGILANTE',7,'Pedro Martinez'),(3071,67,'0004049464','2015-10-14','05:40:12','VIGILANTE',7,'Pedro Martinez'),(3072,67,'0004049464','2015-10-14','05:41:12','VIGILANTE',7,'Pedro Martinez'),(3073,67,'0004049464','2015-10-14','05:42:12','VIGILANTE',7,'Pedro Martinez'),(3074,67,'0004049464','2015-10-14','05:43:12','VIGILANTE',7,'Pedro Martinez'),(3075,67,'0004049464','2015-10-14','05:44:12','VIGILANTE',7,'Pedro Martinez'),(3076,67,'0004049464','2015-10-14','05:45:12','VIGILANTE',7,'Pedro Martinez'),(3077,67,'0004049464','2015-10-14','05:46:12','VIGILANTE',7,'Pedro Martinez'),(3078,67,'0004049464','2015-10-14','05:47:12','VIGILANTE',7,'Pedro Martinez'),(3079,67,'0004049464','2015-10-14','05:48:12','VIGILANTE',7,'Pedro Martinez'),(3080,67,'0004049464','2015-10-14','05:49:12','VIGILANTE',7,'Pedro Martinez'),(3081,67,'0004049464','2015-10-14','05:50:12','VIGILANTE',7,'Pedro Martinez'),(3082,67,'0004049464','2015-10-14','05:51:12','VIGILANTE',7,'Pedro Martinez'),(3083,67,'0004049464','2015-10-14','05:52:12','VIGILANTE',7,'Pedro Martinez'),(3084,67,'0004049464','2015-10-14','05:53:12','VIGILANTE',7,'Pedro Martinez'),(3085,67,'0004049464','2015-10-14','05:54:12','VIGILANTE',7,'Pedro Martinez'),(3086,67,'0004049464','2015-10-14','05:55:12','VIGILANTE',7,'Pedro Martinez'),(3087,67,'0004049464','2015-10-14','05:56:12','VIGILANTE',7,'Pedro Martinez'),(3088,67,'0004049464','2015-10-14','05:57:12','VIGILANTE',7,'Pedro Martinez'),(3089,67,'0004049464','2015-10-14','05:58:12','VIGILANTE',7,'Pedro Martinez'),(3090,67,'0004049464','2015-10-14','05:59:12','VIGILANTE',7,'Pedro Martinez'),(3091,67,'0004049464','2015-10-14','06:00:12','VIGILANTE',7,'Pedro Martinez'),(3092,67,'0004049464','2015-10-14','06:01:12','VIGILANTE',7,'Pedro Martinez'),(3093,67,'0004049464','2015-10-14','06:02:12','VIGILANTE',7,'Pedro Martinez'),(3094,67,'0004049464','2015-10-14','06:03:12','VIGILANTE',7,'Pedro Martinez'),(3095,67,'0004049464','2015-10-14','06:04:12','VIGILANTE',7,'Pedro Martinez'),(3096,67,'0004049464','2015-10-14','06:05:12','VIGILANTE',7,'Pedro Martinez'),(3097,67,'0004049464','2015-10-14','06:06:12','VIGILANTE',7,'Pedro Martinez'),(3098,67,'0004049464','2015-10-14','06:07:12','VIGILANTE',7,'Pedro Martinez'),(3099,67,'0004049464','2015-10-14','06:08:12','VIGILANTE',7,'Pedro Martinez'),(3100,67,'0004049464','2015-10-14','06:09:12','VIGILANTE',7,'Pedro Martinez'),(3101,67,'0004049464','2015-10-14','06:10:12','VIGILANTE',7,'Pedro Martinez'),(3102,67,'0004049464','2015-10-14','06:11:12','VIGILANTE',7,'Pedro Martinez'),(3103,67,'0004049464','2015-10-14','06:12:12','VIGILANTE',7,'Pedro Martinez'),(3104,67,'0004049464','2015-10-14','06:13:12','VIGILANTE',7,'Pedro Martinez'),(3105,67,'0004049464','2015-10-14','06:14:12','VIGILANTE',7,'Pedro Martinez'),(3106,67,'0004049464','2015-10-14','06:15:12','VIGILANTE',7,'Pedro Martinez'),(3107,67,'0004049464','2015-10-14','06:16:12','VIGILANTE',7,'Pedro Martinez'),(3108,67,'0004049464','2015-10-14','06:17:12','VIGILANTE',7,'Pedro Martinez'),(3109,67,'0004049464','2015-10-14','06:18:12','VIGILANTE',7,'Pedro Martinez'),(3110,67,'0004049464','2015-10-14','06:19:12','VIGILANTE',7,'Pedro Martinez'),(3111,67,'0004049464','2015-10-14','06:20:12','VIGILANTE',7,'Pedro Martinez'),(3112,67,'0004049464','2015-10-14','06:21:12','VIGILANTE',7,'Pedro Martinez'),(3113,67,'0004049464','2015-10-14','06:22:12','VIGILANTE',7,'Pedro Martinez'),(3114,67,'0004049464','2015-10-14','06:23:12','VIGILANTE',7,'Pedro Martinez'),(3115,67,'0004049464','2015-10-14','06:24:12','VIGILANTE',7,'Pedro Martinez'),(3116,67,'0004049464','2015-10-14','06:25:12','VIGILANTE',7,'Pedro Martinez'),(3117,67,'0004049464','2015-10-14','06:26:12','VIGILANTE',7,'Pedro Martinez'),(3118,67,'0004049464','2015-10-14','06:27:12','VIGILANTE',7,'Pedro Martinez'),(3119,67,'0004049464','2015-10-14','06:28:12','VIGILANTE',7,'Pedro Martinez'),(3120,67,'0004049464','2015-10-14','06:29:12','VIGILANTE',7,'Pedro Martinez'),(3121,67,'0004049464','2015-10-14','06:30:12','VIGILANTE',7,'Pedro Martinez'),(3122,67,'0004049464','2015-10-14','06:31:12','VIGILANTE',7,'Pedro Martinez'),(3123,67,'0004049464','2015-10-14','06:32:12','VIGILANTE',7,'Pedro Martinez'),(3124,67,'0004049464','2015-10-14','06:33:12','VIGILANTE',7,'Pedro Martinez'),(3125,67,'0004049464','2015-10-14','06:34:12','VIGILANTE',7,'Pedro Martinez'),(3126,67,'0004049464','2015-10-14','06:35:12','VIGILANTE',7,'Pedro Martinez'),(3127,67,'0004049464','2015-10-14','06:36:12','VIGILANTE',7,'Pedro Martinez'),(3128,67,'0004049464','2015-10-14','06:37:12','VIGILANTE',7,'Pedro Martinez'),(3129,67,'0004049464','2015-10-14','06:38:12','VIGILANTE',7,'Pedro Martinez'),(3130,67,'0004049464','2015-10-14','06:39:12','VIGILANTE',7,'Pedro Martinez'),(3131,67,'0004049464','2015-10-14','06:40:12','VIGILANTE',7,'Pedro Martinez'),(3132,67,'0004049464','2015-10-14','06:41:12','VIGILANTE',7,'Pedro Martinez'),(3133,67,'0004049464','2015-10-14','06:42:12','VIGILANTE',7,'Pedro Martinez'),(3134,67,'0004049464','2015-10-14','06:43:12','VIGILANTE',7,'Pedro Martinez'),(3135,67,'0004049464','2015-10-14','06:44:12','VIGILANTE',7,'Pedro Martinez'),(3136,67,'0004049464','2015-10-14','06:45:12','VIGILANTE',7,'Pedro Martinez'),(3137,67,'0004049464','2015-10-14','06:46:12','VIGILANTE',7,'Pedro Martinez'),(3138,67,'0004049464','2015-10-14','06:47:12','VIGILANTE',7,'Pedro Martinez'),(3139,67,'0004049464','2015-10-14','06:48:12','VIGILANTE',7,'Pedro Martinez'),(3140,67,'0004049464','2015-10-14','06:49:12','VIGILANTE',7,'Pedro Martinez'),(3141,67,'0004049464','2015-10-14','06:50:12','VIGILANTE',7,'Pedro Martinez'),(3142,67,'0004049464','2015-10-14','06:51:12','VIGILANTE',7,'Pedro Martinez'),(3143,67,'0004049464','2015-10-14','06:52:12','VIGILANTE',7,'Pedro Martinez'),(3144,67,'0004049464','2015-10-14','06:53:12','VIGILANTE',7,'Pedro Martinez'),(3145,67,'0004049464','2015-10-14','06:54:12','VIGILANTE',7,'Pedro Martinez'),(3146,67,'0004049464','2015-10-14','06:55:12','VIGILANTE',7,'Pedro Martinez'),(3147,67,'0004049464','2015-10-14','06:56:12','VIGILANTE',7,'Pedro Martinez'),(3148,67,'0004049464','2015-10-14','06:57:12','VIGILANTE',7,'Pedro Martinez'),(3149,67,'0004049464','2015-10-14','06:58:12','VIGILANTE',7,'Pedro Martinez'),(3150,67,'0004049464','2015-10-14','06:59:12','VIGILANTE',7,'Pedro Martinez'),(3151,67,'0004049464','2015-10-14','07:00:12','VIGILANTE',7,'Pedro Martinez'),(3152,67,'0004049464','2015-10-14','07:01:12','VIGILANTE',7,'Pedro Martinez'),(3153,67,'0004049464','2015-10-14','07:02:12','VIGILANTE',7,'Pedro Martinez'),(3154,67,'0004049464','2015-10-14','07:03:12','VIGILANTE',7,'Pedro Martinez'),(3155,67,'0004049464','2015-10-14','07:04:12','VIGILANTE',7,'Pedro Martinez'),(3156,67,'0004049464','2015-10-14','07:05:12','VIGILANTE',7,'Pedro Martinez'),(3157,67,'0004049464','2015-10-14','07:06:12','VIGILANTE',7,'Pedro Martinez'),(3158,67,'0004049464','2015-10-14','07:07:12','VIGILANTE',7,'Pedro Martinez'),(3159,67,'0004049464','2015-10-14','07:08:12','VIGILANTE',7,'Pedro Martinez'),(3160,67,'0004049464','2015-10-14','07:09:12','VIGILANTE',7,'Pedro Martinez'),(3161,67,'0004049464','2015-10-14','07:10:12','VIGILANTE',7,'Pedro Martinez'),(3162,67,'0004049464','2015-10-14','07:11:12','VIGILANTE',7,'Pedro Martinez'),(3163,67,'0004049464','2015-10-14','07:12:12','VIGILANTE',7,'Pedro Martinez'),(3164,67,'0004049464','2015-10-14','07:13:12','VIGILANTE',7,'Pedro Martinez'),(3165,67,'0004049464','2015-10-14','07:14:12','VIGILANTE',7,'Pedro Martinez'),(3166,67,'0004049464','2015-10-14','07:15:12','VIGILANTE',7,'Pedro Martinez'),(3167,67,'0004049464','2015-10-14','07:16:12','VIGILANTE',7,'Pedro Martinez'),(3168,67,'0004049464','2015-10-14','07:17:12','VIGILANTE',7,'Pedro Martinez'),(3169,67,'0004049464','2015-10-14','07:18:12','VIGILANTE',7,'Pedro Martinez'),(3170,67,'0004049464','2015-10-14','07:19:12','VIGILANTE',7,'Pedro Martinez'),(3171,67,'0004049464','2015-10-14','07:20:12','VIGILANTE',7,'Pedro Martinez'),(3172,67,'0004049464','2015-10-14','07:21:12','VIGILANTE',7,'Pedro Martinez'),(3173,67,'0004049464','2015-10-14','07:22:12','VIGILANTE',7,'Pedro Martinez'),(3174,67,'0004049464','2015-10-14','07:23:12','VIGILANTE',7,'Pedro Martinez'),(3175,67,'0004049464','2015-10-14','07:24:12','VIGILANTE',7,'Pedro Martinez'),(3176,67,'0004049464','2015-10-14','07:25:12','VIGILANTE',7,'Pedro Martinez'),(3177,67,'0004049464','2015-10-14','07:26:12','VIGILANTE',7,'Pedro Martinez'),(3178,67,'0004049464','2015-10-14','07:27:12','VIGILANTE',7,'Pedro Martinez'),(3179,67,'0004049464','2015-10-14','07:28:12','VIGILANTE',7,'Pedro Martinez'),(3180,67,'0004049464','2015-10-14','07:29:12','VIGILANTE',7,'Pedro Martinez'),(3181,67,'0004049464','2015-10-14','07:30:12','VIGILANTE',7,'Pedro Martinez'),(3182,67,'0004049464','2015-10-14','07:31:12','VIGILANTE',7,'Pedro Martinez'),(3183,67,'0004049464','2015-10-14','07:32:12','VIGILANTE',7,'Pedro Martinez'),(3184,67,'0004049464','2015-10-14','07:33:12','VIGILANTE',7,'Pedro Martinez'),(3185,67,'0004049464','2015-10-14','07:34:12','VIGILANTE',7,'Pedro Martinez'),(3186,67,'0004049464','2015-10-14','07:35:12','VIGILANTE',7,'Pedro Martinez'),(3187,67,'0004049464','2015-10-14','07:36:12','VIGILANTE',7,'Pedro Martinez'),(3188,67,'0004049464','2015-10-14','07:37:12','VIGILANTE',7,'Pedro Martinez'),(3189,67,'0004049464','2015-10-14','07:38:12','VIGILANTE',7,'Pedro Martinez'),(3190,67,'0004049464','2015-10-14','07:39:12','VIGILANTE',7,'Pedro Martinez'),(3191,67,'0004049464','2015-10-14','07:40:12','VIGILANTE',7,'Pedro Martinez'),(3192,67,'0004049464','2015-10-14','07:41:12','VIGILANTE',7,'Pedro Martinez'),(3193,67,'0004049464','2015-10-14','07:42:12','VIGILANTE',7,'Pedro Martinez'),(3194,67,'0004049464','2015-10-14','07:43:12','VIGILANTE',7,'Pedro Martinez'),(3195,67,'0004049464','2015-10-14','07:44:12','VIGILANTE',7,'Pedro Martinez'),(3196,67,'0004049464','2015-10-14','07:45:12','VIGILANTE',7,'Pedro Martinez'),(3197,67,'0004049464','2015-10-14','07:46:12','VIGILANTE',7,'Pedro Martinez'),(3198,67,'0004049464','2015-10-14','07:47:12','VIGILANTE',7,'Pedro Martinez'),(3199,67,'0004049464','2015-10-14','07:48:12','VIGILANTE',7,'Pedro Martinez'),(3200,67,'0004049464','2015-10-14','07:49:12','VIGILANTE',7,'Pedro Martinez'),(3201,67,'0004049464','2015-10-14','07:50:12','VIGILANTE',7,'Pedro Martinez'),(3202,67,'0004049464','2015-10-14','07:51:12','VIGILANTE',7,'Pedro Martinez'),(3203,67,'0004049464','2015-10-14','07:52:12','VIGILANTE',7,'Pedro Martinez'),(3204,67,'0004049464','2015-10-14','07:53:12','VIGILANTE',7,'Pedro Martinez'),(3205,67,'0004049464','2015-10-14','07:54:12','VIGILANTE',7,'Pedro Martinez'),(3206,67,'0004049464','2015-10-14','07:55:12','VIGILANTE',7,'Pedro Martinez'),(3207,67,'0004049464','2015-10-14','07:56:12','VIGILANTE',7,'Pedro Martinez'),(3208,67,'0004049464','2015-10-14','07:57:12','VIGILANTE',7,'Pedro Martinez'),(3209,67,'0004049464','2015-10-14','07:58:12','VIGILANTE',7,'Pedro Martinez'),(3210,67,'0004049464','2015-10-14','07:59:12','VIGILANTE',7,'Pedro Martinez'),(3211,67,'0004049464','2015-10-14','08:00:12','VIGILANTE',7,'Pedro Martinez'),(3212,67,'0004049464','2015-10-14','08:01:12','VIGILANTE',7,'Pedro Martinez'),(3213,67,'0004049464','2015-10-14','08:02:12','VIGILANTE',7,'Pedro Martinez'),(3214,67,'0004049464','2015-10-14','08:03:12','VIGILANTE',7,'Pedro Martinez'),(3215,67,'0004049464','2015-10-14','08:04:12','VIGILANTE',7,'Pedro Martinez'),(3216,67,'0004049464','2015-10-14','08:05:12','VIGILANTE',7,'Pedro Martinez'),(3217,67,'0004049464','2015-10-14','08:06:12','VIGILANTE',7,'Pedro Martinez'),(3218,67,'0004049464','2015-10-14','08:07:12','VIGILANTE',7,'Pedro Martinez'),(3219,67,'0004049464','2015-10-14','08:08:12','VIGILANTE',7,'Pedro Martinez'),(3220,67,'0004049464','2015-10-14','08:09:12','VIGILANTE',7,'Pedro Martinez'),(3221,67,'0004049464','2015-10-14','08:10:12','VIGILANTE',7,'Pedro Martinez'),(3222,67,'0004049464','2015-10-14','08:11:12','VIGILANTE',7,'Pedro Martinez'),(3223,67,'0004049464','2015-10-14','08:12:12','VIGILANTE',7,'Pedro Martinez'),(3224,67,'0004049464','2015-10-14','08:13:12','VIGILANTE',7,'Pedro Martinez'),(3225,67,'0004049464','2015-10-14','08:14:12','VIGILANTE',7,'Pedro Martinez'),(3226,67,'0004049464','2015-10-14','08:15:12','VIGILANTE',7,'Pedro Martinez'),(3227,67,'0004049464','2015-10-14','08:16:12','VIGILANTE',7,'Pedro Martinez'),(3228,67,'0004049464','2015-10-14','08:17:12','VIGILANTE',7,'Pedro Martinez'),(3229,67,'0004049464','2015-10-14','08:18:12','VIGILANTE',7,'Pedro Martinez'),(3230,67,'0004049464','2015-10-14','08:19:12','VIGILANTE',7,'Pedro Martinez'),(3231,67,'0004049464','2015-10-14','08:20:12','VIGILANTE',7,'Pedro Martinez'),(3232,67,'0004049464','2015-10-14','08:21:12','VIGILANTE',7,'Pedro Martinez'),(3233,67,'0004049464','2015-10-14','08:22:12','VIGILANTE',7,'Pedro Martinez'),(3234,67,'0004049464','2015-10-14','08:23:12','VIGILANTE',7,'Pedro Martinez'),(3235,67,'0004049464','2015-10-14','08:24:12','VIGILANTE',7,'Pedro Martinez'),(3236,67,'0004049464','2015-10-14','08:25:12','VIGILANTE',7,'Pedro Martinez'),(3237,67,'0004049464','2015-10-14','08:26:12','VIGILANTE',7,'Pedro Martinez'),(3238,67,'0004049464','2015-10-14','08:27:12','VIGILANTE',7,'Pedro Martinez'),(3239,67,'0004049464','2015-10-14','08:28:12','VIGILANTE',7,'Pedro Martinez'),(3240,67,'0004049464','2015-10-14','08:29:12','VIGILANTE',7,'Pedro Martinez'),(3241,67,'0004049464','2015-10-14','08:30:12','VIGILANTE',7,'Pedro Martinez'),(3242,67,'0004049464','2015-10-14','08:31:12','VIGILANTE',7,'Pedro Martinez'),(3243,67,'0004049464','2015-10-14','08:32:12','VIGILANTE',7,'Pedro Martinez'),(3244,67,'0004049464','2015-10-14','08:33:12','VIGILANTE',7,'Pedro Martinez'),(3245,67,'0004049464','2015-10-14','08:34:12','VIGILANTE',7,'Pedro Martinez'),(3246,67,'0004049464','2015-10-14','08:35:12','VIGILANTE',7,'Pedro Martinez'),(3247,67,'0004049464','2015-10-14','08:36:12','VIGILANTE',7,'Pedro Martinez'),(3248,67,'0004049464','2015-10-14','08:37:12','VIGILANTE',7,'Pedro Martinez'),(3249,67,'0004049464','2015-10-14','08:38:12','VIGILANTE',7,'Pedro Martinez'),(3250,67,'0004049464','2015-10-14','08:39:12','VIGILANTE',7,'Pedro Martinez'),(3251,67,'0004049464','2015-10-14','08:40:12','VIGILANTE',7,'Pedro Martinez'),(3252,67,'0004049464','2015-10-14','08:41:12','VIGILANTE',7,'Pedro Martinez'),(3253,67,'0004049464','2015-10-14','08:42:12','VIGILANTE',7,'Pedro Martinez'),(3254,67,'0004049464','2015-10-14','08:43:12','VIGILANTE',7,'Pedro Martinez'),(3255,67,'0004049464','2015-10-14','08:44:12','VIGILANTE',7,'Pedro Martinez'),(3256,67,'0004049464','2015-10-14','08:45:12','VIGILANTE',7,'Pedro Martinez'),(3257,67,'0004049464','2015-10-14','08:46:12','VIGILANTE',7,'Pedro Martinez'),(3258,67,'0004049464','2015-10-14','08:47:12','VIGILANTE',7,'Pedro Martinez'),(3259,67,'0004049464','2015-10-14','08:48:12','VIGILANTE',7,'Pedro Martinez'),(3260,67,'0004049464','2015-10-14','08:49:12','VIGILANTE',7,'Pedro Martinez'),(3261,67,'0004049464','2015-10-14','08:50:12','VIGILANTE',7,'Pedro Martinez'),(3262,67,'0004049464','2015-10-14','08:51:12','VIGILANTE',7,'Pedro Martinez'),(3263,67,'0004049464','2015-10-14','08:52:12','VIGILANTE',7,'Pedro Martinez'),(3264,67,'0004049464','2015-10-14','08:53:12','VIGILANTE',7,'Pedro Martinez'),(3265,67,'0004049464','2015-10-14','08:54:12','VIGILANTE',7,'Pedro Martinez'),(3266,67,'0004049464','2015-10-14','08:55:12','VIGILANTE',7,'Pedro Martinez'),(3267,67,'0004049464','2015-10-14','08:56:12','VIGILANTE',7,'Pedro Martinez'),(3268,67,'0004049464','2015-10-14','08:57:12','VIGILANTE',7,'Pedro Martinez'),(3269,67,'0004049464','2015-10-14','08:58:12','VIGILANTE',7,'Pedro Martinez'),(3270,67,'0004049464','2015-10-14','08:59:12','VIGILANTE',7,'Pedro Martinez'),(3271,67,'0004049464','2015-10-14','09:00:12','VIGILANTE',7,'Pedro Martinez'),(3272,67,'0004049464','2015-10-14','09:01:12','VIGILANTE',7,'Pedro Martinez'),(3273,67,'0004049464','2015-10-14','09:02:12','VIGILANTE',7,'Pedro Martinez'),(3274,67,'0004049464','2015-10-14','09:03:12','VIGILANTE',7,'Pedro Martinez'),(3275,67,'0004049464','2015-10-14','09:04:12','VIGILANTE',7,'Pedro Martinez'),(3276,67,'0004049464','2015-10-14','09:05:12','VIGILANTE',7,'Pedro Martinez'),(3277,67,'0004049464','2015-10-14','09:06:12','VIGILANTE',7,'Pedro Martinez'),(3278,67,'0004049464','2015-10-14','09:07:12','VIGILANTE',7,'Pedro Martinez'),(3279,67,'0004049464','2015-10-14','09:08:12','VIGILANTE',7,'Pedro Martinez'),(3280,67,'0004049464','2015-10-14','09:09:12','VIGILANTE',7,'Pedro Martinez'),(3281,67,'0004049464','2015-10-14','09:10:12','VIGILANTE',7,'Pedro Martinez'),(3282,67,'0004049464','2015-10-14','09:11:12','VIGILANTE',7,'Pedro Martinez'),(3283,67,'0004049464','2015-10-14','09:12:12','VIGILANTE',7,'Pedro Martinez'),(3284,67,'0004049464','2015-10-14','09:13:12','VIGILANTE',7,'Pedro Martinez'),(3285,67,'0004049464','2015-10-14','09:14:12','VIGILANTE',7,'Pedro Martinez'),(3286,67,'0004049464','2015-10-14','09:15:12','VIGILANTE',7,'Pedro Martinez'),(3287,67,'0004049464','2015-10-14','09:16:12','VIGILANTE',7,'Pedro Martinez'),(3288,67,'0004049464','2015-10-14','09:17:12','VIGILANTE',7,'Pedro Martinez'),(3289,67,'0004049464','2015-10-14','09:18:12','VIGILANTE',7,'Pedro Martinez'),(3290,67,'0004049464','2015-10-14','09:19:12','VIGILANTE',7,'Pedro Martinez'),(3291,67,'0004049464','2015-10-14','09:20:12','VIGILANTE',7,'Pedro Martinez'),(3292,67,'0004049464','2015-10-14','09:21:12','VIGILANTE',7,'Pedro Martinez'),(3293,67,'0004049464','2015-10-14','09:22:12','VIGILANTE',7,'Pedro Martinez'),(3294,67,'0004049464','2015-10-14','09:23:12','VIGILANTE',7,'Pedro Martinez'),(3295,67,'0004049464','2015-10-14','09:24:12','VIGILANTE',7,'Pedro Martinez'),(3296,67,'0004049464','2015-10-14','09:25:12','VIGILANTE',7,'Pedro Martinez'),(3297,67,'0004049464','2015-10-14','09:26:12','VIGILANTE',7,'Pedro Martinez'),(3298,67,'0004049464','2015-10-14','09:27:12','VIGILANTE',7,'Pedro Martinez'),(3299,67,'0004049464','2015-10-14','09:28:12','VIGILANTE',7,'Pedro Martinez'),(3300,67,'0004049464','2015-10-14','09:29:12','VIGILANTE',7,'Pedro Martinez'),(3301,67,'0004049464','2015-10-14','09:30:12','VIGILANTE',7,'Pedro Martinez'),(3302,67,'0004049464','2015-10-14','09:31:12','VIGILANTE',7,'Pedro Martinez'),(3303,67,'0004049464','2015-10-14','09:32:12','VIGILANTE',7,'Pedro Martinez'),(3304,67,'0004049464','2015-10-14','09:33:12','VIGILANTE',7,'Pedro Martinez'),(3305,67,'0004049464','2015-10-14','09:34:12','VIGILANTE',7,'Pedro Martinez'),(3306,67,'0004049464','2015-10-14','09:35:12','VIGILANTE',7,'Pedro Martinez'),(3307,67,'0004049464','2015-10-14','09:36:12','VIGILANTE',7,'Pedro Martinez'),(3308,67,'0004049464','2015-10-14','09:37:12','VIGILANTE',7,'Pedro Martinez'),(3309,67,'0004049464','2015-10-14','09:38:12','VIGILANTE',7,'Pedro Martinez'),(3310,67,'0004049464','2015-10-14','09:39:12','VIGILANTE',7,'Pedro Martinez'),(3311,67,'0004049464','2015-10-14','09:40:12','VIGILANTE',7,'Pedro Martinez'),(3312,67,'0004049464','2015-10-14','09:41:12','VIGILANTE',7,'Pedro Martinez'),(3313,67,'0004049464','2015-10-14','09:42:12','VIGILANTE',7,'Pedro Martinez'),(3314,67,'0004049464','2015-10-14','09:43:12','VIGILANTE',7,'Pedro Martinez'),(3315,67,'0004049464','2015-10-14','09:44:12','VIGILANTE',7,'Pedro Martinez'),(3316,67,'0004049464','2015-10-14','09:45:12','VIGILANTE',7,'Pedro Martinez'),(3317,67,'0004049464','2015-10-14','09:46:12','VIGILANTE',7,'Pedro Martinez'),(3318,67,'0004049464','2015-10-14','09:47:12','VIGILANTE',7,'Pedro Martinez'),(3319,67,'0004049464','2015-10-14','09:48:12','VIGILANTE',7,'Pedro Martinez'),(3320,67,'0004049464','2015-10-14','09:49:12','VIGILANTE',7,'Pedro Martinez'),(3321,67,'0004049464','2015-10-14','09:50:12','VIGILANTE',7,'Pedro Martinez'),(3322,67,'0004049464','2015-10-14','09:51:12','VIGILANTE',7,'Pedro Martinez'),(3323,67,'0004049464','2015-10-14','09:52:12','VIGILANTE',7,'Pedro Martinez'),(3324,67,'0004049464','2015-10-14','09:53:12','VIGILANTE',7,'Pedro Martinez'),(3325,67,'0004049464','2015-10-14','09:54:12','VIGILANTE',7,'Pedro Martinez'),(3326,67,'0004049464','2015-10-14','09:55:12','VIGILANTE',7,'Pedro Martinez'),(3327,67,'0004049464','2015-10-14','09:56:12','VIGILANTE',7,'Pedro Martinez'),(3328,67,'0004049464','2015-10-14','09:57:12','VIGILANTE',7,'Pedro Martinez'),(3329,67,'0004049464','2015-10-14','09:58:12','VIGILANTE',7,'Pedro Martinez'),(3330,67,'0004049464','2015-10-14','09:59:12','VIGILANTE',7,'Pedro Martinez'),(3331,67,'0004049464','2015-10-14','10:00:12','VIGILANTE',7,'Pedro Martinez'),(3332,67,'0004049464','2015-10-14','10:01:12','VIGILANTE',7,'Pedro Martinez'),(3333,67,'0004049464','2015-10-14','10:02:12','VIGILANTE',7,'Pedro Martinez'),(3334,67,'0004049464','2015-10-14','10:03:12','VIGILANTE',7,'Pedro Martinez'),(3335,67,'0004049464','2015-10-14','10:04:12','VIGILANTE',7,'Pedro Martinez'),(3336,67,'0004049464','2015-10-14','10:05:12','VIGILANTE',7,'Pedro Martinez'),(3337,67,'0004049464','2015-10-14','10:06:12','VIGILANTE',7,'Pedro Martinez'),(3338,67,'0004049464','2015-10-14','10:07:12','VIGILANTE',7,'Pedro Martinez'),(3339,67,'0004049464','2015-10-14','10:08:12','VIGILANTE',7,'Pedro Martinez'),(3340,67,'0004049464','2015-10-14','10:09:12','VIGILANTE',7,'Pedro Martinez'),(3341,67,'0004049464','2015-10-14','10:10:12','VIGILANTE',7,'Pedro Martinez'),(3342,67,'0004049464','2015-10-14','10:11:12','VIGILANTE',7,'Pedro Martinez'),(3343,67,'0004049464','2015-10-14','10:12:12','VIGILANTE',7,'Pedro Martinez'),(3344,67,'0004049464','2015-10-14','10:13:12','VIGILANTE',7,'Pedro Martinez'),(3345,67,'0004049464','2015-10-14','10:14:12','VIGILANTE',7,'Pedro Martinez'),(3346,67,'0004049464','2015-10-14','10:15:12','VIGILANTE',7,'Pedro Martinez'),(3347,67,'0004049464','2015-10-14','10:16:12','VIGILANTE',7,'Pedro Martinez'),(3348,67,'0004049464','2015-10-14','10:17:12','VIGILANTE',7,'Pedro Martinez'),(3349,67,'0004049464','2015-10-14','10:18:12','VIGILANTE',7,'Pedro Martinez'),(3350,67,'0004049464','2015-10-14','10:19:12','VIGILANTE',7,'Pedro Martinez'),(3351,67,'0004049464','2015-10-14','10:20:12','VIGILANTE',7,'Pedro Martinez'),(3352,67,'0004049464','2015-10-14','10:21:12','VIGILANTE',7,'Pedro Martinez'),(3353,67,'0004049464','2015-10-14','10:22:12','VIGILANTE',7,'Pedro Martinez'),(3354,67,'0004049464','2015-10-14','10:23:12','VIGILANTE',7,'Pedro Martinez'),(3355,67,'0004049464','2015-10-14','10:24:12','VIGILANTE',7,'Pedro Martinez'),(3356,67,'0004049464','2015-10-14','10:25:12','VIGILANTE',7,'Pedro Martinez'),(3357,67,'0004049464','2015-10-14','10:26:12','VIGILANTE',7,'Pedro Martinez'),(3358,67,'0004049464','2015-10-14','10:27:12','VIGILANTE',7,'Pedro Martinez'),(3359,67,'0004049464','2015-10-14','10:28:12','VIGILANTE',7,'Pedro Martinez'),(3360,67,'0004049464','2015-10-14','10:29:12','VIGILANTE',7,'Pedro Martinez'),(3361,67,'0004049464','2015-10-14','10:30:12','VIGILANTE',7,'Pedro Martinez'),(3362,67,'0004049464','2015-10-14','10:31:12','VIGILANTE',7,'Pedro Martinez'),(3363,67,'0004049464','2015-10-14','10:32:12','VIGILANTE',7,'Pedro Martinez'),(3364,67,'0004049464','2015-10-14','10:33:12','VIGILANTE',7,'Pedro Martinez'),(3365,67,'0004049464','2015-10-14','10:34:12','VIGILANTE',7,'Pedro Martinez'),(3366,67,'0004049464','2015-10-14','10:35:12','VIGILANTE',7,'Pedro Martinez'),(3367,67,'0004049464','2015-10-14','10:36:12','VIGILANTE',7,'Pedro Martinez'),(3368,67,'0004049464','2015-10-14','10:37:12','VIGILANTE',7,'Pedro Martinez'),(3369,67,'0004049464','2015-10-14','10:38:12','VIGILANTE',7,'Pedro Martinez'),(3370,67,'0004049464','2015-10-14','10:39:12','VIGILANTE',7,'Pedro Martinez'),(3371,67,'0004049464','2015-10-14','10:40:12','VIGILANTE',7,'Pedro Martinez'),(3372,67,'0004049464','2015-10-14','10:41:12','VIGILANTE',7,'Pedro Martinez'),(3373,67,'0004049464','2015-10-14','10:42:12','VIGILANTE',7,'Pedro Martinez'),(3374,67,'0004049464','2015-10-14','10:43:12','VIGILANTE',7,'Pedro Martinez'),(3375,67,'0004049464','2015-10-14','10:44:12','VIGILANTE',7,'Pedro Martinez'),(3376,67,'0004049464','2015-10-14','10:45:12','VIGILANTE',7,'Pedro Martinez'),(3377,67,'0004049464','2015-10-14','10:46:12','VIGILANTE',7,'Pedro Martinez'),(3378,67,'0004049464','2015-10-14','10:47:12','VIGILANTE',7,'Pedro Martinez'),(3379,67,'0004049464','2015-10-14','10:48:12','VIGILANTE',7,'Pedro Martinez'),(3380,67,'0004049464','2015-10-14','10:49:12','VIGILANTE',7,'Pedro Martinez'),(3381,67,'0004049464','2015-10-14','10:50:12','VIGILANTE',7,'Pedro Martinez'),(3382,67,'0004049464','2015-10-14','10:51:12','VIGILANTE',7,'Pedro Martinez'),(3383,67,'0004049464','2015-10-14','10:52:12','VIGILANTE',7,'Pedro Martinez'),(3384,67,'0004049464','2015-10-14','10:53:12','VIGILANTE',7,'Pedro Martinez'),(3385,67,'0004049464','2015-10-14','10:54:12','VIGILANTE',7,'Pedro Martinez'),(3386,67,'0004049464','2015-10-14','10:55:12','VIGILANTE',7,'Pedro Martinez'),(3387,67,'0004049464','2015-10-14','10:56:12','VIGILANTE',7,'Pedro Martinez'),(3388,67,'0004049464','2015-10-14','10:57:12','VIGILANTE',7,'Pedro Martinez'),(3389,67,'0004049464','2015-10-14','10:58:12','VIGILANTE',7,'Pedro Martinez'),(3390,67,'0004049464','2015-10-14','10:59:12','VIGILANTE',7,'Pedro Martinez'),(3391,67,'0004049464','2015-10-14','11:00:12','VIGILANTE',7,'Pedro Martinez'),(3392,67,'0004049464','2015-10-14','11:01:12','VIGILANTE',7,'Pedro Martinez'),(3393,67,'0004049464','2015-10-14','11:02:12','VIGILANTE',7,'Pedro Martinez'),(3394,67,'0004049464','2015-10-14','11:03:12','VIGILANTE',7,'Pedro Martinez'),(3395,67,'0004049464','2015-10-14','11:04:12','VIGILANTE',7,'Pedro Martinez'),(3396,67,'0004049464','2015-10-14','11:05:12','VIGILANTE',7,'Pedro Martinez'),(3397,67,'0004049464','2015-10-14','11:06:12','VIGILANTE',7,'Pedro Martinez'),(3398,67,'0004049464','2015-10-14','11:07:12','VIGILANTE',7,'Pedro Martinez'),(3399,67,'0004049464','2015-10-14','11:08:12','VIGILANTE',7,'Pedro Martinez'),(3400,67,'0004049464','2015-10-14','11:09:12','VIGILANTE',7,'Pedro Martinez'),(3401,67,'0004049464','2015-10-14','11:10:12','VIGILANTE',7,'Pedro Martinez'),(3402,67,'0004049464','2015-10-14','11:11:12','VIGILANTE',7,'Pedro Martinez'),(3403,67,'0004049464','2015-10-14','11:12:12','VIGILANTE',7,'Pedro Martinez'),(3404,67,'0004049464','2015-10-14','11:13:12','VIGILANTE',7,'Pedro Martinez'),(3405,67,'0004049464','2015-10-14','11:14:12','VIGILANTE',7,'Pedro Martinez'),(3406,67,'0004049464','2015-10-14','11:15:12','VIGILANTE',7,'Pedro Martinez'),(3407,67,'0004049464','2015-10-14','11:16:12','VIGILANTE',7,'Pedro Martinez'),(3408,67,'0004049464','2015-10-14','11:17:12','VIGILANTE',7,'Pedro Martinez'),(3409,67,'0004049464','2015-10-14','11:18:12','VIGILANTE',7,'Pedro Martinez'),(3410,67,'0004049464','2015-10-14','11:19:12','VIGILANTE',7,'Pedro Martinez'),(3411,67,'0004049464','2015-10-14','11:20:12','VIGILANTE',7,'Pedro Martinez'),(3412,67,'0004049464','2015-10-14','11:21:12','VIGILANTE',7,'Pedro Martinez'),(3413,67,'0004049464','2015-10-14','11:22:12','VIGILANTE',7,'Pedro Martinez'),(3414,67,'0004049464','2015-10-14','11:23:12','VIGILANTE',7,'Pedro Martinez'),(3415,67,'0004049464','2015-10-14','11:24:12','VIGILANTE',7,'Pedro Martinez'),(3416,67,'0004049464','2015-10-14','11:25:12','VIGILANTE',7,'Pedro Martinez'),(3417,67,'0004049464','2015-10-14','11:26:12','VIGILANTE',7,'Pedro Martinez'),(3418,67,'0004049464','2015-10-14','11:27:12','VIGILANTE',7,'Pedro Martinez'),(3419,67,'0004049464','2015-10-14','11:28:12','VIGILANTE',7,'Pedro Martinez'),(3420,67,'0004049464','2015-10-14','11:29:12','VIGILANTE',7,'Pedro Martinez'),(3421,67,'0004049464','2015-10-14','11:30:12','VIGILANTE',7,'Pedro Martinez'),(3422,67,'0004049464','2015-10-14','11:31:12','VIGILANTE',7,'Pedro Martinez'),(3423,67,'0004049464','2015-10-14','11:32:12','VIGILANTE',7,'Pedro Martinez'),(3424,67,'0004049464','2015-10-14','11:33:12','VIGILANTE',7,'Pedro Martinez'),(3425,67,'0004049464','2015-10-14','11:34:12','VIGILANTE',7,'Pedro Martinez'),(3426,67,'0004049464','2015-10-14','11:35:12','VIGILANTE',7,'Pedro Martinez'),(3427,67,'0004049464','2015-10-14','11:36:12','VIGILANTE',7,'Pedro Martinez'),(3428,67,'0004049464','2015-10-14','11:37:12','VIGILANTE',7,'Pedro Martinez'),(3429,67,'0004049464','2015-10-14','11:38:12','VIGILANTE',7,'Pedro Martinez'),(3430,67,'0004049464','2015-10-14','11:39:12','VIGILANTE',7,'Pedro Martinez'),(3431,67,'0004049464','2015-10-14','11:40:12','VIGILANTE',7,'Pedro Martinez'),(3432,67,'0004049464','2015-10-14','11:41:12','VIGILANTE',7,'Pedro Martinez'),(3433,67,'0004049464','2015-10-14','11:42:12','VIGILANTE',7,'Pedro Martinez'),(3434,67,'0004049464','2015-10-14','11:43:12','VIGILANTE',7,'Pedro Martinez'),(3435,67,'0004049464','2015-10-14','11:44:12','VIGILANTE',7,'Pedro Martinez'),(3436,67,'0004049464','2015-10-14','11:45:12','VIGILANTE',7,'Pedro Martinez'),(3437,67,'0004049464','2015-10-14','11:46:12','VIGILANTE',7,'Pedro Martinez'),(3438,67,'0004049464','2015-10-14','11:47:12','VIGILANTE',7,'Pedro Martinez'),(3439,67,'0004049464','2015-10-14','11:48:12','VIGILANTE',7,'Pedro Martinez'),(3440,67,'0004049464','2015-10-14','11:49:12','VIGILANTE',7,'Pedro Martinez'),(3441,67,'0004049464','2015-10-14','11:50:12','VIGILANTE',7,'Pedro Martinez'),(3442,67,'0004049464','2015-10-14','11:51:12','VIGILANTE',7,'Pedro Martinez'),(3443,67,'0004049464','2015-10-14','11:52:12','VIGILANTE',7,'Pedro Martinez'),(3444,67,'0004049464','2015-10-14','11:53:12','VIGILANTE',7,'Pedro Martinez'),(3445,67,'0004049464','2015-10-14','11:54:12','VIGILANTE',7,'Pedro Martinez'),(3446,67,'0004049464','2015-10-14','11:55:12','VIGILANTE',7,'Pedro Martinez'),(3447,67,'0004049464','2015-10-14','11:56:12','VIGILANTE',7,'Pedro Martinez'),(3448,67,'0004049464','2015-10-14','11:57:12','VIGILANTE',7,'Pedro Martinez'),(3449,67,'0004049464','2015-10-14','11:58:12','VIGILANTE',7,'Pedro Martinez'),(3450,67,'0004049464','2015-10-14','11:59:12','VIGILANTE',7,'Pedro Martinez'),(3451,67,'0004049464','2015-10-14','12:00:12','VIGILANTE',7,'Pedro Martinez'),(3452,67,'0004049464','2015-10-14','12:01:12','VIGILANTE',7,'Pedro Martinez'),(3453,67,'0004049464','2015-10-14','12:02:12','VIGILANTE',7,'Pedro Martinez'),(3454,67,'0004049464','2015-10-14','12:03:12','VIGILANTE',7,'Pedro Martinez'),(3455,67,'0004049464','2015-10-14','12:04:12','VIGILANTE',7,'Pedro Martinez'),(3456,67,'0004049464','2015-10-14','12:05:12','VIGILANTE',7,'Pedro Martinez'),(3457,67,'0004049464','2015-10-14','12:06:12','VIGILANTE',7,'Pedro Martinez'),(3458,67,'0004049464','2015-10-14','12:07:12','VIGILANTE',7,'Pedro Martinez'),(3459,67,'0004049464','2015-10-14','12:08:12','VIGILANTE',7,'Pedro Martinez'),(3460,67,'0004049464','2015-10-14','12:09:12','VIGILANTE',7,'Pedro Martinez'),(3461,67,'0004049464','2015-10-14','12:10:12','VIGILANTE',7,'Pedro Martinez'),(3462,67,'0004049464','2015-10-14','12:11:12','VIGILANTE',7,'Pedro Martinez'),(3463,67,'0004049464','2015-10-14','12:12:12','VIGILANTE',7,'Pedro Martinez'),(3464,67,'0004049464','2015-10-14','12:13:12','VIGILANTE',7,'Pedro Martinez'),(3465,67,'0004049464','2015-10-14','12:14:12','VIGILANTE',7,'Pedro Martinez'),(3466,67,'0004049464','2015-10-14','12:15:12','VIGILANTE',7,'Pedro Martinez'),(3467,67,'0004049464','2015-10-14','12:16:12','VIGILANTE',7,'Pedro Martinez'),(3468,67,'0004049464','2015-10-14','12:17:12','VIGILANTE',7,'Pedro Martinez'),(3469,67,'0004049464','2015-10-14','12:18:12','VIGILANTE',7,'Pedro Martinez'),(3470,67,'0004049464','2015-10-14','12:19:12','VIGILANTE',7,'Pedro Martinez'),(3471,67,'0004049464','2015-10-14','12:20:12','VIGILANTE',7,'Pedro Martinez'),(3472,67,'0004049464','2015-10-14','12:21:12','VIGILANTE',7,'Pedro Martinez'),(3473,67,'0004049464','2015-10-14','12:22:12','VIGILANTE',7,'Pedro Martinez'),(3474,67,'0004049464','2015-10-14','12:23:12','VIGILANTE',7,'Pedro Martinez'),(3475,67,'0004049464','2015-10-14','12:24:12','VIGILANTE',7,'Pedro Martinez'),(3476,67,'0004049464','2015-10-14','12:25:12','VIGILANTE',7,'Pedro Martinez'),(3477,67,'0004049464','2015-10-14','12:26:12','VIGILANTE',7,'Pedro Martinez'),(3478,67,'0004049464','2015-10-14','12:27:12','VIGILANTE',7,'Pedro Martinez'),(3479,67,'0004049464','2015-10-14','12:28:12','VIGILANTE',7,'Pedro Martinez'),(3480,67,'0004049464','2015-10-14','12:29:12','VIGILANTE',7,'Pedro Martinez'),(3481,67,'0004049464','2015-10-14','12:30:12','VIGILANTE',7,'Pedro Martinez'),(3482,67,'0004049464','2015-10-14','12:31:12','VIGILANTE',7,'Pedro Martinez'),(3483,67,'0004049464','2015-10-14','12:32:12','VIGILANTE',7,'Pedro Martinez'),(3484,67,'0004049464','2015-10-14','12:33:12','VIGILANTE',7,'Pedro Martinez'),(3485,67,'0004049464','2015-10-14','12:34:12','VIGILANTE',7,'Pedro Martinez'),(3486,67,'0004049464','2015-10-14','12:35:12','VIGILANTE',7,'Pedro Martinez'),(3487,67,'0004049464','2015-10-14','12:36:12','VIGILANTE',7,'Pedro Martinez'),(3488,67,'0004049464','2015-10-14','12:37:12','VIGILANTE',7,'Pedro Martinez'),(3489,67,'0004049464','2015-10-14','12:38:12','VIGILANTE',7,'Pedro Martinez'),(3490,67,'0004049464','2015-10-14','12:39:12','VIGILANTE',7,'Pedro Martinez'),(3491,67,'0004049464','2015-10-14','12:40:12','VIGILANTE',7,'Pedro Martinez'),(3492,67,'0004049464','2015-10-14','12:41:12','VIGILANTE',7,'Pedro Martinez'),(3493,67,'0004049464','2015-10-14','12:42:12','VIGILANTE',7,'Pedro Martinez'),(3494,67,'0004049464','2015-10-14','12:43:12','VIGILANTE',7,'Pedro Martinez'),(3495,67,'0004049464','2015-10-14','12:44:12','VIGILANTE',7,'Pedro Martinez'),(3496,67,'0004049464','2015-10-14','12:45:12','VIGILANTE',7,'Pedro Martinez'),(3497,67,'0004049464','2015-10-14','12:46:12','VIGILANTE',7,'Pedro Martinez'),(3498,67,'0004049464','2015-10-14','12:47:12','VIGILANTE',7,'Pedro Martinez'),(3499,67,'0004049464','2015-10-14','12:48:12','VIGILANTE',7,'Pedro Martinez'),(3500,67,'0004049464','2015-10-14','12:49:12','VIGILANTE',7,'Pedro Martinez'),(3501,67,'0004049464','2015-10-14','12:50:12','VIGILANTE',7,'Pedro Martinez'),(3502,67,'0004049464','2015-10-14','12:51:12','VIGILANTE',7,'Pedro Martinez'),(3503,67,'0004049464','2015-10-14','12:52:12','VIGILANTE',7,'Pedro Martinez'),(3504,67,'0004049464','2015-10-14','12:53:12','VIGILANTE',7,'Pedro Martinez'),(3505,67,'0004049464','2015-10-14','12:54:12','VIGILANTE',7,'Pedro Martinez'),(3506,67,'0004049464','2015-10-14','12:55:12','VIGILANTE',7,'Pedro Martinez'),(3507,67,'0004049464','2015-10-14','12:56:12','VIGILANTE',7,'Pedro Martinez'),(3508,67,'0004049464','2015-10-14','12:57:12','VIGILANTE',7,'Pedro Martinez'),(3509,67,'0004049464','2015-10-14','12:58:12','VIGILANTE',7,'Pedro Martinez'),(3510,67,'0004049464','2015-10-14','12:59:12','VIGILANTE',7,'Pedro Martinez'),(3511,67,'0004049464','2015-10-14','13:00:12','VIGILANTE',7,'Pedro Martinez'),(3512,67,'0004049464','2015-10-14','13:01:12','VIGILANTE',7,'Pedro Martinez'),(3513,67,'0004049464','2015-10-14','13:02:12','VIGILANTE',7,'Pedro Martinez'),(3514,67,'0004049464','2015-10-14','13:03:12','VIGILANTE',7,'Pedro Martinez'),(3515,67,'0004049464','2015-10-14','13:04:12','VIGILANTE',7,'Pedro Martinez'),(3516,67,'0004049464','2015-10-14','13:05:12','VIGILANTE',7,'Pedro Martinez'),(3517,67,'0004049464','2015-10-14','13:06:12','VIGILANTE',7,'Pedro Martinez'),(3518,67,'0004049464','2015-10-14','13:07:12','VIGILANTE',7,'Pedro Martinez'),(3519,67,'0004049464','2015-10-14','13:08:12','VIGILANTE',7,'Pedro Martinez'),(3520,67,'0004049464','2015-10-14','13:09:12','VIGILANTE',7,'Pedro Martinez'),(3521,67,'0004049464','2015-10-14','13:10:12','VIGILANTE',7,'Pedro Martinez'),(3522,67,'0004049464','2015-10-14','13:11:12','VIGILANTE',7,'Pedro Martinez'),(3523,67,'0004049464','2015-10-14','13:12:12','VIGILANTE',7,'Pedro Martinez'),(3524,67,'0004049464','2015-10-14','13:13:12','VIGILANTE',7,'Pedro Martinez'),(3525,67,'0004049464','2015-10-14','13:14:12','VIGILANTE',7,'Pedro Martinez'),(3526,67,'0004049464','2015-10-14','13:15:12','VIGILANTE',7,'Pedro Martinez'),(3527,67,'0004049464','2015-10-14','13:16:12','VIGILANTE',7,'Pedro Martinez'),(3528,67,'0004049464','2015-10-14','13:17:12','VIGILANTE',7,'Pedro Martinez'),(3529,67,'0004049464','2015-10-14','13:18:12','VIGILANTE',7,'Pedro Martinez'),(3530,67,'0004049464','2015-10-14','13:19:12','VIGILANTE',7,'Pedro Martinez'),(3531,67,'0004049464','2015-10-14','13:20:12','VIGILANTE',7,'Pedro Martinez'),(3532,67,'0004049464','2015-10-14','13:21:12','VIGILANTE',7,'Pedro Martinez'),(3533,67,'0004049464','2015-10-14','13:22:12','VIGILANTE',7,'Pedro Martinez'),(3534,67,'0004049464','2015-10-14','13:23:12','VIGILANTE',7,'Pedro Martinez'),(3535,67,'0004049464','2015-10-14','13:24:12','VIGILANTE',7,'Pedro Martinez'),(3536,67,'0004049464','2015-10-14','13:25:12','VIGILANTE',7,'Pedro Martinez'),(3537,67,'0004049464','2015-10-14','13:26:12','VIGILANTE',7,'Pedro Martinez'),(3538,67,'0004049464','2015-10-14','13:27:12','VIGILANTE',7,'Pedro Martinez'),(3539,67,'0004049464','2015-10-14','13:28:12','VIGILANTE',7,'Pedro Martinez'),(3540,67,'0004049464','2015-10-14','13:29:12','VIGILANTE',7,'Pedro Martinez'),(3541,67,'0004049464','2015-10-14','13:30:12','VIGILANTE',7,'Pedro Martinez'),(3542,67,'0004044154','2015-10-14','13:30:24','VIGILANTE',6,'Fernando Colomo'),(3543,67,'0004044154','2015-10-16','08:43:30','VIGILANTE',6,'Fernando Colomo'),(3544,67,'0004044154','2015-10-16','08:44:33','VIGILANTE',6,'Fernando Colomo'),(3545,67,'0004044154','2015-10-16','08:45:34','VIGILANTE',6,'Fernando Colomo'),(3546,67,'0004044154','2015-10-16','08:46:34','VIGILANTE',6,'Fernando Colomo'),(3547,67,'0004044154','2015-10-16','08:47:34','VIGILANTE',6,'Fernando Colomo'),(3548,67,'0004044154','2015-10-16','08:48:34','VIGILANTE',6,'Fernando Colomo'),(3549,67,'0004044154','2015-10-16','08:49:35','VIGILANTE',6,'Fernando Colomo'),(3550,67,'0004044154','2015-10-16','08:50:37','VIGILANTE',6,'Fernando Colomo'),(3551,67,'0004044154','2015-10-16','08:51:38','VIGILANTE',6,'Fernando Colomo');

/*Table structure for table `edificios` */

DROP TABLE IF EXISTS `edificios`;

CREATE TABLE `edificios` (
  `edificioId` int(11) NOT NULL AUTO_INCREMENT,
  `grupoId` int(11) DEFAULT NULL,
  `nombre` varchar(255) DEFAULT NULL,
  PRIMARY KEY (`edificioId`),
  KEY `ref_grupo` (`grupoId`),
  CONSTRAINT `ref_grupo` FOREIGN KEY (`grupoId`) REFERENCES `grupos` (`grupoId`)
) ENGINE=InnoDB AUTO_INCREMENT=7 DEFAULT CHARSET=utf8;

/*Data for the table `edificios` */

insert  into `edificios`(`edificioId`,`grupoId`,`nombre`) values (6,5,'Edificio principal');

/*Table structure for table `grupos` */

DROP TABLE IF EXISTS `grupos`;

CREATE TABLE `grupos` (
  `grupoId` int(11) NOT NULL AUTO_INCREMENT,
  `nombre` varchar(255) DEFAULT NULL,
  PRIMARY KEY (`grupoId`)
) ENGINE=InnoDB AUTO_INCREMENT=6 DEFAULT CHARSET=utf8;

/*Data for the table `grupos` */

insert  into `grupos`(`grupoId`,`nombre`) values (5,'GRUPO 1');

/*Table structure for table `puntos` */

DROP TABLE IF EXISTS `puntos`;

CREATE TABLE `puntos` (
  `puntoId` int(11) NOT NULL AUTO_INCREMENT,
  `nombre` varchar(255) NOT NULL,
  `edificioId` int(11) DEFAULT NULL,
  `tag` varchar(255) DEFAULT NULL,
  `cota` varchar(255) DEFAULT NULL,
  `cubiculo` varchar(255) DEFAULT NULL,
  `observaciones` text,
  PRIMARY KEY (`puntoId`),
  UNIQUE KEY `idx_tag` (`tag`)
) ENGINE=InnoDB AUTO_INCREMENT=9 DEFAULT CHARSET=utf8;

/*Data for the table `puntos` */

insert  into `puntos`(`puntoId`,`nombre`,`edificioId`,`tag`,`cota`,`cubiculo`,`observaciones`) values (5,'Control 1',6,'0406215258','C1','CB1','Primer punto'),(6,'Control 2',6,'0406219258','C1','CB2','Segundo punto'),(7,'Control 3',6,'0406209033','C1','CB3','Tercer punto'),(8,'Punto Flotante',6,'0403669508','CF','CBF','El punto que flota');

/*Table structure for table `rondas` */

DROP TABLE IF EXISTS `rondas`;

CREATE TABLE `rondas` (
  `rondaId` int(11) NOT NULL AUTO_INCREMENT,
  `nombre` varchar(255) NOT NULL,
  `tag` varchar(255) DEFAULT NULL,
  `tagf` varchar(255) DEFAULT NULL,
  PRIMARY KEY (`rondaId`)
) ENGINE=InnoDB AUTO_INCREMENT=15 DEFAULT CHARSET=utf8;

/*Data for the table `rondas` */

insert  into `rondas`(`rondaId`,`nombre`,`tag`,`tagf`) values (13,'Ronda 01-02','0406213943',NULL),(14,'R-03-F','0406220547',NULL);

/*Table structure for table `rondas_realizadas` */

DROP TABLE IF EXISTS `rondas_realizadas`;

CREATE TABLE `rondas_realizadas` (
  `rondaRealizadaId` int(11) NOT NULL AUTO_INCREMENT,
  `rondaId` int(11) DEFAULT NULL,
  `terminalId` int(11) DEFAULT NULL,
  `vigilanteId` int(11) DEFAULT NULL,
  `fecha` date DEFAULT NULL,
  `hora` time DEFAULT NULL,
  `resultado` text,
  `validada` tinyint(1) DEFAULT '0',
  `obsvalida` text,
  PRIMARY KEY (`rondaRealizadaId`),
  KEY `ref_ronda2` (`rondaId`),
  KEY `ref_vigilante` (`vigilanteId`),
  KEY `ref_terminal` (`terminalId`),
  CONSTRAINT `ref_ronda2` FOREIGN KEY (`rondaId`) REFERENCES `rondas` (`rondaId`),
  CONSTRAINT `ref_terminal` FOREIGN KEY (`terminalId`) REFERENCES `terminales` (`terminalId`),
  CONSTRAINT `ref_vigilante` FOREIGN KEY (`vigilanteId`) REFERENCES `vigilantes` (`vigilanteId`)
) ENGINE=InnoDB AUTO_INCREMENT=161 DEFAULT CHARSET=utf8;

/*Data for the table `rondas_realizadas` */

insert  into `rondas_realizadas`(`rondaRealizadaId`,`rondaId`,`terminalId`,`vigilanteId`,`fecha`,`hora`,`resultado`,`validada`,`obsvalida`) values (155,NULL,1,NULL,'2015-10-13','13:15:38','R. DESCONOCIDA / SIN VIGILANTE',1,NULL),(156,13,1,7,'2015-10-13','14:44:06','CORRECTO',0,'Sin validar'),(157,14,1,7,'2015-10-13','14:44:10','PUNTOS SIN CONTROLAR',1,'PPEPEP'),(158,NULL,1,NULL,'2015-10-13','13:15:38','R. DESCONOCIDA / SIN VIGILANTE',0,NULL),(159,13,1,7,'2015-10-13','14:44:06','CORRECTO',0,NULL),(160,14,1,7,'2015-10-13','14:44:10','PUNTOS SIN CONTROLAR',0,NULL);

/*Table structure for table `rondas_realizadaspuntos` */

DROP TABLE IF EXISTS `rondas_realizadaspuntos`;

CREATE TABLE `rondas_realizadaspuntos` (
  `rondaRealizadaPuntoId` int(11) NOT NULL AUTO_INCREMENT,
  `rondaRealizadaId` int(11) DEFAULT NULL,
  `orden` int(1) DEFAULT NULL,
  `puntoId` int(11) DEFAULT NULL,
  `fecha` date DEFAULT NULL,
  `hora` time DEFAULT NULL,
  `tagleido` varchar(255) DEFAULT NULL,
  `ordenleido` int(11) DEFAULT NULL,
  `resultado` text,
  `nombre` varchar(255) DEFAULT NULL,
  PRIMARY KEY (`rondaRealizadaPuntoId`),
  KEY `ref_rondaRealizada` (`rondaRealizadaId`),
  KEY `ref_punto2` (`puntoId`),
  CONSTRAINT `ref_punto2` FOREIGN KEY (`puntoId`) REFERENCES `puntos` (`puntoId`),
  CONSTRAINT `ref_rondaRealizada` FOREIGN KEY (`rondaRealizadaId`) REFERENCES `rondas_realizadas` (`rondaRealizadaId`)
) ENGINE=InnoDB AUTO_INCREMENT=389 DEFAULT CHARSET=utf8;

/*Data for the table `rondas_realizadaspuntos` */

insert  into `rondas_realizadaspuntos`(`rondaRealizadaPuntoId`,`rondaRealizadaId`,`orden`,`puntoId`,`fecha`,`hora`,`tagleido`,`ordenleido`,`resultado`,`nombre`) values (371,155,NULL,NULL,'2015-10-13','13:15:38','0406214305',0,'TAG DESCONOCIDO',NULL),(372,156,1,5,'2015-10-13','14:44:07','0406215258',1,'CORRECTO','Control 1'),(373,156,2,6,'2015-10-13','14:44:08','0406219258',2,'CORRECTO','Control 2'),(374,157,1,7,NULL,NULL,NULL,NULL,'NO LEIDO',NULL),(375,157,2,8,'2015-10-13','14:44:20','0403669508',6,'FUERA DE SECUENCIA','Punto Flotante'),(376,157,NULL,NULL,'2015-10-13','14:44:11','0406214305',1,'TAG DESCONOCIDO',NULL),(377,157,NULL,5,'2015-10-13','14:44:17','0406215258',3,'NO EN ESTA RONDA','Control 1'),(378,157,NULL,6,'2015-10-13','14:44:18','0406219258',4,'NO EN ESTA RONDA','Control 2'),(379,157,NULL,NULL,'2015-10-13','14:44:19','0406214305',5,'TAG DESCONOCIDO',NULL),(380,158,NULL,NULL,'2015-10-13','13:15:38','0406214305',0,'TAG DESCONOCIDO',NULL),(381,159,1,5,'2015-10-13','14:44:07','0406215258',1,'CORRECTO','Control 1'),(382,159,2,6,'2015-10-13','14:44:08','0406219258',2,'CORRECTO','Control 2'),(383,160,1,7,NULL,NULL,NULL,NULL,'NO LEIDO',NULL),(384,160,2,8,'2015-10-13','14:44:20','0403669508',6,'FUERA DE SECUENCIA','Punto Flotante'),(385,160,3,6,'2015-10-13','14:44:18','0406219258',4,'FUERA DE SECUENCIA','Control 2'),(386,160,4,5,'2015-10-13','14:44:17','0406215258',3,'FUERA DE SECUENCIA','Control 1'),(387,160,NULL,NULL,'2015-10-13','14:44:11','0406214305',1,'TAG DESCONOCIDO',NULL),(388,160,NULL,NULL,'2015-10-13','14:44:19','0406214305',5,'TAG DESCONOCIDO',NULL);

/*Table structure for table `rondaspuntos` */

DROP TABLE IF EXISTS `rondaspuntos`;

CREATE TABLE `rondaspuntos` (
  `rondaPuntoId` int(11) NOT NULL AUTO_INCREMENT,
  `orden` int(11) DEFAULT NULL,
  `rondaId` int(11) DEFAULT NULL,
  `puntoId` int(11) DEFAULT NULL,
  PRIMARY KEY (`rondaPuntoId`),
  KEY `ref_ronda` (`rondaId`),
  KEY `ref_punto` (`puntoId`),
  CONSTRAINT `ref_punto` FOREIGN KEY (`puntoId`) REFERENCES `puntos` (`puntoId`),
  CONSTRAINT `ref_ronda` FOREIGN KEY (`rondaId`) REFERENCES `rondas` (`rondaId`)
) ENGINE=InnoDB AUTO_INCREMENT=27 DEFAULT CHARSET=utf8;

/*Data for the table `rondaspuntos` */

insert  into `rondaspuntos`(`rondaPuntoId`,`orden`,`rondaId`,`puntoId`) values (21,1,13,5),(22,2,13,6),(23,1,14,7),(24,2,14,8),(25,3,14,6),(26,4,14,5);

/*Table structure for table `terminales` */

DROP TABLE IF EXISTS `terminales`;

CREATE TABLE `terminales` (
  `terminalId` int(11) NOT NULL AUTO_INCREMENT,
  `numero` varchar(255) DEFAULT NULL,
  `nombre` varchar(255) DEFAULT NULL,
  `fechaAlta` date DEFAULT NULL,
  `fechaBaja` date DEFAULT NULL,
  `observaciones` text,
  PRIMARY KEY (`terminalId`)
) ENGINE=InnoDB AUTO_INCREMENT=2 DEFAULT CHARSET=utf8;

/*Data for the table `terminales` */

insert  into `terminales`(`terminalId`,`numero`,`nombre`,`fechaAlta`,`fechaBaja`,`observaciones`) values (1,'112339','BONITO 112339','2015-10-20','2015-10-20','Observaciones de este terminal algo ms amplias');

/*Table structure for table `vigilantes` */

DROP TABLE IF EXISTS `vigilantes`;

CREATE TABLE `vigilantes` (
  `vigilanteId` int(11) NOT NULL AUTO_INCREMENT,
  `nombre` varchar(255) NOT NULL,
  `tag` varchar(255) DEFAULT NULL,
  `tagf` varchar(255) DEFAULT NULL,
  PRIMARY KEY (`vigilanteId`)
) ENGINE=InnoDB AUTO_INCREMENT=8 DEFAULT CHARSET=utf8;

/*Data for the table `vigilantes` */

insert  into `vigilantes`(`vigilanteId`,`nombre`,`tag`,`tagf`) values (6,'Fernando Colomo','0004044154',NULL),(7,'Pedro Martinez','0004049464',NULL);

/*!40101 SET SQL_MODE=@OLD_SQL_MODE */;
/*!40014 SET FOREIGN_KEY_CHECKS=@OLD_FOREIGN_KEY_CHECKS */;
/*!40014 SET UNIQUE_CHECKS=@OLD_UNIQUE_CHECKS */;
/*!40111 SET SQL_NOTES=@OLD_SQL_NOTES */;
